"ID","영문식별자(Key)","기술명(한국어)","기술명(영어)","타입(Type)","분류(Category)","위력(Power)","명중률(Accuracy)","기본PP","한국어설명(Description Ko)","영어설명(Description En)"
"1","pound","막치기","pound","normal","physical","40","100","35","긴 꼬리나 손 등을 사용하여 상대를 때려서 공격한다.","No additional effect."
"2","karate-chop","태권당수","karate-chop","fighting","physical","50","100","25","날카로운 당수로 상대를 때려서 공격한다. 급소에 맞기 쉽다.","Has a higher chance for a critical hit."
"3","double-slap","연속뺨치기","double-slap","normal","physical","15","85","10","연속 뺨치기로 상대를 때려서 공격한다. 2-5회 동안 연속으로 쓴다.","Hits two to five times. Has a 35% chance to hit two or three times and a 15% chance to hit four or five times. If one of the hits breaks the target's substitute, it will take damage for the remaining hits. If the user has the Skill Link Ability, this move will always hit five times."
"4","comet-punch","연속펀치","comet-punch","normal","physical","18","85","15","노도 같은 펀치로 상대를 세게 때려서 공격한다. 2-5회 동안 연속으로 쓴다.","Hits two to five times. Has a 35% chance to hit two or three times and a 15% chance to hit four or five times. If one of the hits breaks the target's substitute, it will take damage for the remaining hits. If the user has the Skill Link Ability, this move will always hit five times."
"5","mega-punch","메가톤펀치","mega-punch","normal","physical","80","85","20","힘을 담은 펀치로 상대를 공격한다.","No additional effect."
"6","pay-day","고양이돈받기","pay-day","normal","physical","40","100","20","상대의 몸에 돈을 세게 던져서 공격한다. 배틀 후에 돈을 받을 수 있다.","No additional effect."
"7","fire-punch","불꽃펀치","fire-punch","fire","physical","75","100","15","불꽃을 담은 펀치로 상대를 공격한다. 화상 상태로 만들 때가 있다.","Has a 10% chance to burn the target."
"8","ice-punch","냉동펀치","ice-punch","ice","physical","75","100","15","냉기를 담은 펀치로 상대를 공격한다. 얼음 상태로 만들 때가 있다.","Has a 10% chance to freeze the target."
"9","thunder-punch","번개펀치","thunder-punch","electric","physical","75","100","15","전격을 담은 펀치로 상대를 공격한다. 마비 상태로 만들 때가 있다.","Has a 10% chance to paralyze the target."
"10","scratch","할퀴기","scratch","normal","physical","40","100","35","단단하고 뾰족한 날카로운 손톱으로 상대를 할퀴어서 공격한다.","No additional effect."
"11","vice-grip","찝기","vice-grip","normal","physical","55","100","30","상대를 양쪽에서 집어서 데미지를 준다.","No additional effect."
"12","guillotine","가위자르기","guillotine","normal","physical","","30","5","큰 집게로 상대를 베어 갈라 공격한다. 맞으면 일격에 기절한다.","Deals damage to the target equal to the target's maximum HP. Ignores accuracy and evasiveness modifiers. This attack's accuracy is equal to (user's level - target's level + 30)%, and fails if the target is at a higher level. Pokemon with the Sturdy Ability are immune."
"13","razor-wind","칼바람","razor-wind","normal","special","80","100","10","바람의 칼날을 만들어 2턴째에 상대를 공격한다. 급소에 맞기 쉽다.","Has a higher chance for a critical hit. This attack charges on the first turn and executes on the second. If the user is holding a Power Herb, the move completes in one turn."
"14","swords-dance","칼춤","swords-dance","normal","status","","","20","싸움의 춤을 격렬하게 추며 기세를 높인다. 자신의 공격을 크게 올린다.","Raises the user's Attack by 2 stages."
"15","cut","풀베기","cut","normal","physical","50","95","30","낫이나 발톱 등으로 상대를 베어 공격한다. 가느다란 나무도 자를 수 있다.","No additional effect."
"16","gust","바람일으키기","gust","flying","special","40","100","35","날개로 일으킨 격한 바람을 상대에게 부딪쳐서 공격한다.","Power doubles if the target is using Bounce, Fly, or Sky Drop, or is under the effect of Sky Drop."
"17","wing-attack","날개치기","wing-attack","flying","physical","60","100","35","크게 펼친 훌륭한 날개를 상대에게 부딪쳐서 공격한다.","No additional effect."
"18","whirlwind","날려버리기","whirlwind","normal","status","","","20","상대를 날려버려서 교대할 포켓몬을 끌어낸다. 야생의 경우에는 배틀이 끝난다.","The target is forced to switch out and be replaced with a random unfainted ally. Fails if the target is the last unfainted Pokemon in its party, or if the target used Ingrain previously or has the Suction Cups Ability."
"19","fly","공중날기","fly","flying","physical","90","95","15","1턴째에 하늘을 날아 2턴째에 상대를 공격한다. 알고 있는 도시로 날아갈 수 있다.","This attack charges on the first turn and executes on the second. On the first turn, the user avoids all attacks other than Gust, Hurricane, Sky Uppercut, Smack Down, Thousand Arrows, Thunder, and Twister, and Gust and Twister have doubled power when used against it. If the user is holding a Power Herb, the move completes in one turn."
"20","bind","조이기","bind","normal","physical","15","85","20","긴 몸이나 덩굴 등을 써서 4-5턴 동안 상대를 조여 공격한다.","Prevents the target from switching for four or five turns (seven turns if the user is holding Grip Claw). Causes damage to the target equal to 1/8 of its maximum HP (1/6 if the user is holding Binding Band), rounded down, at the end of each turn during effect. The target can still switch out if it is holding Shed Shell or uses Baton Pass, Flip Turn, Parting Shot, Shed Tail, Teleport, U-turn, or Volt Switch. The effect ends if either the user or the target leaves the field, or if the target uses Mortal Spin, Rapid Spin, or Substitute successfully. This effect is not stackable or reset by using this or another binding move."
"21","slam","힘껏치기","slam","normal","physical","80","75","20","긴 꼬리나 덩굴 등을 사용해 상대를 힘껏 쳐서 공격한다.","No additional effect."
"22","vine-whip","덩굴채찍","vine-whip","grass","physical","45","100","25","채찍처럼 휘어지는 가늘고 긴 덩굴로 상대를 힘껏 쳐서 공격한다.","No additional effect."
"23","stomp","짓밟기","stomp","normal","physical","65","100","20","큰 발로 상대를 짓밟아서 공격한다. 상대를 풀죽게 만들 때가 있다.","Has a 30% chance to make the target flinch. Damage doubles and no accuracy check is done if the target has used Minimize while active."
"24","double-kick","두번차기","double-kick","fighting","physical","30","100","30","2개의 다리로 상대를 걷어차서 공격한다. 2회 연속으로 데미지를 준다.","Hits twice. If the first hit breaks the target's substitute, it will take damage for the second hit."
"25","mega-kick","메가톤킥","mega-kick","normal","physical","120","75","5","굉장한 힘을 담은 킥으로 상대를 걷어차서 공격한다.","No additional effect."
"26","jump-kick","점프킥","jump-kick","fighting","physical","100","95","10","높이 점프해서 킥으로 상대를 공격한다. 빗나가면 자신이 데미지를 입는다.","If this attack is not successful, the user loses half of its maximum HP, rounded down, as crash damage. Pokemon with the Magic Guard Ability are unaffected by crash damage."
"27","rolling-kick","돌려차기","rolling-kick","fighting","physical","60","85","15","몸을 재빨리 회전시키며 걷어차서 공격한다. 상대를 풀죽게 만들 때가 있다.","Has a 30% chance to make the target flinch."
"28","sand-attack","모래뿌리기","sand-attack","ground","status","","100","15","상대의 얼굴에 모래를 뿌려서 명중률을 떨어뜨린다.","Lowers the target's accuracy by 1 stage."
"29","headbutt","박치기","headbutt","normal","physical","70","100","15","머리를 내밀어 곧장 돌진하여 공격한다. 상대를 풀죽게 만들 때가 있다.","Has a 30% chance to make the target flinch."
"30","horn-attack","뿔찌르기","horn-attack","normal","physical","65","100","25","날카롭고 뾰족한 뿔로 상대를 공격한다.","No additional effect."
"31","fury-attack","마구찌르기","fury-attack","normal","physical","15","85","20","뿔이나 부리로 상대를 찔러서 공격한다. 2-5회 동안 연속으로 쓴다.","Hits two to five times. Has a 35% chance to hit two or three times and a 15% chance to hit four or five times. If one of the hits breaks the target's substitute, it will take damage for the remaining hits. If the user has the Skill Link Ability, this move will always hit five times. If the user is holding Loaded Dice, this move will hit 4-5 times."
"32","horn-drill","뿔드릴","horn-drill","normal","physical","","30","5","회전하는 뿔을 상대에게 꿰찔러서 공격한다. 맞으면 일격에 기절한다.","Deals damage to the target equal to the target's maximum HP. Ignores accuracy and evasiveness modifiers. This attack's accuracy is equal to (user's level - target's level + 30)%, and fails if the target is at a higher level. Pokemon with the Sturdy Ability are immune."
"33","tackle","몸통박치기","tackle","normal","physical","40","100","35","상대를 향해서 몸 전체를 부딪쳐가며 공격한다.","No additional effect."
"34","body-slam","누르기","body-slam","normal","physical","85","100","15","몸 전체로 상대를 덮쳐 눌러 공격한다. 마비 상태로 만들 때가 있다.","Has a 30% chance to paralyze the target. Damage doubles and no accuracy check is done if the target has used Minimize while active."
"35","wrap","김밥말이","wrap","normal","physical","15","90","20","긴 몸이나 덩굴 등을 사용해 4-5턴 동안 상대를 휘감아 공격한다.","Prevents the target from switching for four or five turns (seven turns if the user is holding Grip Claw). Causes damage to the target equal to 1/8 of its maximum HP (1/6 if the user is holding Binding Band), rounded down, at the end of each turn during effect. The target can still switch out if it is holding Shed Shell or uses Baton Pass, Flip Turn, Parting Shot, Shed Tail, Teleport, U-turn, or Volt Switch. The effect ends if either the user or the target leaves the field, or if the target uses Mortal Spin, Rapid Spin, or Substitute successfully. This effect is not stackable or reset by using this or another binding move."
"36","take-down","돌진","take-down","normal","physical","90","85","20","굉장한 기세로 상대에게 부딪쳐 공격한다. 자신도 조금 데미지를 입는다.","If the target lost HP, the user takes recoil damage equal to 1/4 the HP lost by the target, rounded half up, but not less than 1 HP."
"37","thrash","난동부리기","thrash","normal","physical","120","100","10","2-3턴 동안 마구 난동 부려서 상대를 공격한다. 난동 부린 뒤에는 혼란에 빠진다.","The user spends two or three turns locked into this move and becomes confused immediately after its move on the last turn of the effect if it is not already. This move targets an opposing Pokemon at random on each turn. If the user is prevented from moving, is asleep at the beginning of a turn, or the attack is not successful against the target on the first turn of the effect or the second turn of a three-turn effect, the effect ends without causing confusion. If this move is called by Sleep Talk and the user is asleep, the move is used for one turn and does not confuse the user."
"38","double-edge","이판사판태클","double-edge","normal","physical","120","100","15","목숨을 걸고 상대에게 돌진하여 공격을 한다. 자신도 상당한 데미지를 입는다.","If the target lost HP, the user takes recoil damage equal to 33% the HP lost by the target, rounded half up, but not less than 1 HP."
"39","tail-whip","꼬리흔들기","tail-whip","normal","status","","100","30","꼬리를 좌우로 귀엽게 흔들어 방심을 유도한다. 상대의 방어를 떨어뜨린다.","Lowers the target's Defense by 1 stage."
"40","poison-sting","독침","poison-sting","poison","physical","15","100","35","독이 있는 침을 상대에게 꿰찔러서 공격한다. 독 상태로 만들 때가 있다.","Has a 30% chance to poison the target."
"41","twineedle","더블니들","twineedle","bug","physical","25","100","20","2개의 침을 상대에게 꿰찔러 2회 연속으로 데미지를 준다. 독 상태로 만들 때가 있다.","Hits twice, with each hit having a 20% chance to poison the target. If the first hit breaks the target's substitute, it will take damage for the second hit."
"42","pin-missile","바늘미사일","pin-missile","bug","physical","25","95","20","날카로운 침을 상대에게 발사해서 공격한다. 2-5회 동안 연속으로 쓴다.","Hits two to five times. Has a 35% chance to hit two or three times and a 15% chance to hit four or five times. If one of the hits breaks the target's substitute, it will take damage for the remaining hits. If the user has the Skill Link Ability, this move will always hit five times. If the user is holding Loaded Dice, this move will hit 4-5 times."
"43","leer","째려보기","leer","normal","status","","100","30","날카로운 눈초리로 겁을 주어 상대의 방어를 떨어뜨린다.","Lowers the target's Defense by 1 stage."
"44","bite","물기","bite","dark","physical","60","100","25","날카롭고 뾰족한 이빨로 물어서 공격한다. 상대를 풀죽게 만들 때가 있다.","Has a 30% chance to make the target flinch."
"45","growl","울음소리","growl","normal","status","","100","40","귀여운 울음소리를 들려주고 관심을 끌어 방심한 사이에 상대의 공격을 떨어뜨린다.","Lowers the target's Attack by 1 stage."
"46","roar","울부짖기","roar","normal","status","","","20","상대를 도망가게 해서 교대할 포켓몬을 끌어낸다. 야생의 경우에는 배틀이 끝난다.","The target is forced to switch out and be replaced with a random unfainted ally. Fails if the target is the last unfainted Pokemon in its party, or if the target used Ingrain previously or has the Suction Cups Ability."
"47","sing","노래하기","sing","normal","status","","55","15","기분 좋은 예쁜 노랫소리를 들려주고 상대를 잠듦 상태로 만든다.","Causes the target to fall asleep."
"48","supersonic","초음파","supersonic","normal","status","","55","20","특수한 음파를 몸에서 발산하여 상대를 혼란시킨다.","Causes the target to become confused."
"49","sonic-boom","소닉붐","sonic-boom","normal","special","","90","20","충격파를 상대에 부딪쳐서 공격한다. 언제나 20의 데미지를 준다.","Deals 20 HP of damage to the target."
"50","disable","사슬묶기","disable","normal","status","","100","20","상대의 움직임을 막아 바로 전에 쓴 기술을 4턴 동안 사용할 수 없게 만든다.","For 4 turns, the target's last move used becomes disabled. Fails if one of the target's moves is already disabled, if the target has not made a move, if the target no longer knows the move, or if the move was a Max or G-Max Move."
"51","acid","용해액","acid","poison","special","40","100","30","강한 산을 상대에게 끼얹어 공격한다. 상대의 특수방어를 떨어뜨릴 때가 있다.","Has a 10% chance to lower the target's Special Defense by 1 stage."
"52","ember","불꽃세례","ember","fire","special","40","100","25","작은 불꽃을 상대에게 발사하여 공격한다. 화상 상태로 만들 때가 있다.","Has a 10% chance to burn the target."
"53","flamethrower","화염방사","flamethrower","fire","special","90","100","15","세찬 불꽃을 상대에게 발사하여 공격한다. 화상 상태로 만들 때가 있다.","Has a 10% chance to burn the target."
"54","mist","흰안개","mist","ice","status","","","30","하얀 안개로 몸을 덮는다. 5턴 동안 상대에 의해 능력이 떨어지지 않게 된다.","For 5 turns, the user and its party members are protected from having their stat stages lowered by other Pokemon. Fails if the effect is already active on the user's side."
"55","water-gun","물대포","water-gun","water","special","40","100","25","물을 기세 좋게 상대에게 발사하여 공격한다.","No additional effect."
"56","hydro-pump","하이드로펌프","hydro-pump","water","special","110","80","5","대량의 물을 세찬 기세로 상대에게 발사하여 공격한다.","No additional effect."
"57","surf","파도타기","surf","water","special","90","100","15","큰 파도로 자신의 주위에 있는 포켓몬을 공격한다. 물 위도 헤엄쳐서 나아간다.","Damage doubles if the target is using Dive."
"58","ice-beam","냉동빔","ice-beam","ice","special","90","100","10","냉동빔을 상대에게 발사하여 공격한다. 얼음 상태로 만들 때가 있다.","Has a 10% chance to freeze the target."
"59","blizzard","눈보라","blizzard","ice","special","110","70","5","세찬 눈보라를 상대에게 내뿜어 공격한다. 얼음 상태로 만들 때가 있다.","Has a 10% chance to freeze the target. If the weather is Snow, this move does not check accuracy."
"60","psybeam","환상빔","psybeam","psychic","special","65","100","20","이상한 광선을 상대에게 발사하여 공격한다. 혼란시킬 때가 있다.","Has a 10% chance to confuse the target."
"61","bubble-beam","거품광선","bubble-beam","water","special","65","100","20","거품을 기세 좋게 상대에게 발사하여 공격한다. 스피드를 떨어뜨릴 때가 있다.","Has a 10% chance to lower the target's Speed by 1 stage."
"62","aurora-beam","오로라빔","aurora-beam","ice","special","65","100","20","무지개색의 빔을 상대에게 발사하여 공격한다. 공격을 떨어뜨릴 때가 있다.","Has a 10% chance to lower the target's Attack by 1 stage."
"63","hyper-beam","파괴광선","hyper-beam","normal","special","150","90","5","강한 광선을 상대에게 발사하여 공격한다. 다음 턴은 움직일 수 없다.","If this move is successful, the user must recharge on the following turn and cannot select a move."
"64","peck","쪼기","peck","flying","physical","35","100","35","날카롭고 뾰족한 부리나 뿔로 상대를 쪼아서 공격한다.","No additional effect."
"65","drill-peck","회전부리","drill-peck","flying","physical","80","100","20","회전하면서 뾰족한 부리를 상대에게 꿰찔러 공격한다.","No additional effect."
"66","submission","지옥의바퀴","submission","fighting","physical","80","80","20","땅에 자신과 함께 상대를 내던져 공격한다. 자신도 조금 데미지를 입는다.","If the target lost HP, the user takes recoil damage equal to 1/4 the HP lost by the target, rounded half up, but not less than 1 HP."
"67","low-kick","안다리걸기","low-kick","fighting","physical","","100","20","발을 강하게 걸고 상대를 넘어뜨려 공격한다. 상대가 무거울수록 위력이 올라간다.","This move's power is 20 if the target weighs less than 10 kg, 40 if less than 25 kg, 60 if less than 50 kg, 80 if less than 100 kg, 100 if less than 200 kg, and 120 if greater than or equal to 200 kg."
"68","counter","카운터","counter","fighting","physical","","100","20","상대로부터 받은 물리공격의 데미지를 2배로 만들어 같은 상대에게 돌려준다.","Deals damage to the last opposing Pokemon to hit the user with a physical attack this turn equal to twice the HP lost by the user from that attack. If the user did not lose HP from the attack, this move deals 1 HP of damage instead. If that opposing Pokemon's position is no longer in use and there is another opposing Pokemon on the field, the damage is done to it instead. Only the last hit of a multi-hit attack is counted. Fails if the user was not hit by an opposing Pokemon's physical attack this turn."
"69","seismic-toss","지구던지기","seismic-toss","fighting","physical","","100","20","인력을 사용해 내던진다. 자신의 레벨과 똑같은 데미지를 상대에게 준다.","Deals damage to the target equal to the user's level."
"70","strength","괴력","strength","normal","physical","80","100","15","혼신의 힘으로 상대를 세게 때려서 공격한다. 무거운 돌을 밀 수도 있다.","No additional effect."
"71","absorb","흡수","absorb","grass","special","20","100","25","양분을 흡수하여 공격한다. 상대에게 입힌 데미지의 절반에 해당하는 HP를 회복할 수 있다.","The user recovers 1/2 the HP lost by the target, rounded half up. If Big Root is held by the user, the HP recovered is 1.3x normal, rounded half down."
"72","mega-drain","메가드레인","mega-drain","grass","special","40","100","15","양분을 흡수하여 공격한다. 상대에게 입힌 데미지의 절반에 해당하는 HP를 회복할 수 있다.","The user recovers 1/2 the HP lost by the target, rounded half up. If Big Root is held by the user, the HP recovered is 1.3x normal, rounded half down."
"73","leech-seed","씨뿌리기","leech-seed","grass","status","","90","10","씨가 뿌려진 상대의 HP를 매 턴 조금씩 흡수하여 자신의 HP를 회복한다.","The Pokemon at the user's position steals 1/8 of the target's maximum HP, rounded down, at the end of each turn. If Big Root is held by the recipient, the HP recovered is 1.3x normal, rounded half down. If the target uses Baton Pass, the replacement will continue being leeched. If the target switches out or uses Mortal Spin or Rapid Spin successfully, the effect ends. Grass-type Pokemon are immune to this move on use, but not its effect."
"74","growth","성장","growth","normal","status","","","20","몸을 일시에 크게 성장시켜 공격과 특수공격을 올린다.","Raises the user's Attack and Special Attack by 1 stage. If the weather is Sun or Intense Sun, this move raises the user's Attack and Special Attack by 2 stages. If the user is holding Utility Umbrella, this move will only raise the user's Attack and Special Attack by 1 stage, even if the weather is Sun or Intense Sun."
"75","razor-leaf","잎날가르기","razor-leaf","grass","physical","55","95","25","잎사귀를 날려 상대를 베어 공격한다. 급소에 맞기 쉽다.","Has a higher chance for a critical hit."
"76","solar-beam","솔라빔","solar-beam","grass","special","120","100","10","1턴째에 빛을 가득 모아 2턴째에 빛의 다발을 발사하여 공격한다.","This attack charges on the first turn and executes on the second. Power is halved if the weather is Heavy Rain, Rain, Sandstorm, or Snow and the user is not holding Utility Umbrella. If the user is holding a Power Herb or the weather is Intense Sun or Sun, the move completes in one turn. If the user is holding Utility Umbrella and the weather is Intense Sun or Sun, the move still requires a turn to charge."
"77","poison-powder","독가루","poison-powder","poison","status","","75","35","독이 있는 가루를 많이 흩뿌려서 상대를 독 상태로 만든다.","Poisons the target."
"78","stun-spore","저리가루","stun-spore","grass","status","","75","30","저리 가루를 많이 흩뿌려서 상대를 마비 상태로 만든다.","Paralyzes the target."
"79","sleep-powder","수면가루","sleep-powder","grass","status","","75","15","잠이 오는 가루를 많이 흩뿌려서 상대를 잠듦 상태로 만든다.","Causes the target to fall asleep."
"80","petal-dance","꽃잎댄스","petal-dance","grass","special","120","100","10","2-3턴 동안 꽃을 흩뿌려서 상대를 공격한다. 흩뿌린 뒤에는 혼란에 빠진다.","The user spends two or three turns locked into this move and becomes confused immediately after its move on the last turn of the effect if it is not already. This move targets an opposing Pokemon at random on each turn. If the user is prevented from moving, is asleep at the beginning of a turn, or the attack is not successful against the target on the first turn of the effect or the second turn of a three-turn effect, the effect ends without causing confusion. If this move is called by Sleep Talk and the user is asleep, the move is used for one turn and does not confuse the user."
"81","string-shot","실뿜기","string-shot","bug","status","","95","40","입에서 뿜어낸 실을 휘감아서 상대의 스피드를 크게 떨어뜨린다.","Lowers the target's Speed by 2 stages."
"82","dragon-rage","용의분노","dragon-rage","dragon","special","","100","10","분노의 충격파를 상대에게 부딪쳐서 공격한다. 언제나 40의 데미지를 준다.","Deals 40 HP of damage to the target."
"83","fire-spin","회오리불꽃","fire-spin","fire","special","35","85","15","세차게 소용돌이치는 불꽃 속에 4-5턴 동안 상대를 가두어 공격한다.","Prevents the target from switching for four or five turns (seven turns if the user is holding Grip Claw). Causes damage to the target equal to 1/8 of its maximum HP (1/6 if the user is holding Binding Band), rounded down, at the end of each turn during effect. The target can still switch out if it is holding Shed Shell or uses Baton Pass, Flip Turn, Parting Shot, Shed Tail, Teleport, U-turn, or Volt Switch. The effect ends if either the user or the target leaves the field, or if the target uses Mortal Spin, Rapid Spin, or Substitute successfully. This effect is not stackable or reset by using this or another binding move."
"84","thunder-shock","전기쇼크","thunder-shock","electric","special","40","100","30","전기 자극을 상대에게 날려서 공격한다. 마비 상태로 만들 때가 있다.","Has a 10% chance to paralyze the target."
"85","thunderbolt","10만볼트","thunderbolt","electric","special","90","100","15","강한 전격을 상대에게 날려서 공격한다. 마비 상태로 만들 때가 있다.","Has a 10% chance to paralyze the target."
"86","thunder-wave","전기자석파","thunder-wave","electric","status","","90","20","약한 전격을 날려서 상대를 마비 상태로 만든다.","Paralyzes the target. This move does not ignore type immunity."
"87","thunder","번개","thunder","electric","special","110","70","10","강한 번개를 상대에게 떨어뜨려 공격한다. 마비 상태로 만들 때가 있다.","Has a 30% chance to paralyze the target. This move can hit a target using Bounce, Fly, or Sky Drop, or is under the effect of Sky Drop. If the weather is Heavy Rain or Rain, this move does not check accuracy. If the weather is Intense Sun or Sun, this move's accuracy is 50%. If this move is used against a Pokemon holding Utility Umbrella, this move's accuracy remains at 70%."
"88","rock-throw","돌떨구기","rock-throw","rock","physical","50","90","15","작은 바위를 들어올려 상대에게 내던져서 공격한다.","No additional effect."
"89","earthquake","지진","earthquake","ground","physical","100","100","10","지진의 충격으로 자신의 주위에 있는 포켓몬을 공격한다.","Damage doubles if the target is using Dig."
"90","fissure","땅가르기","fissure","ground","physical","","30","5","땅이 갈라진 곳에 상대를 떨어뜨려 공격한다. 맞으면 일격에 기절한다.","Deals damage to the target equal to the target's maximum HP. Ignores accuracy and evasiveness modifiers. This attack's accuracy is equal to (user's level - target's level + 30)%, and fails if the target is at a higher level. Pokemon with the Sturdy Ability are immune."
"91","dig","구멍파기","dig","ground","physical","80","100","10","1턴째에 파고들어 2턴째에 상대를 공격한다. 동굴에서 탈출할 수도 있다.","This attack charges on the first turn and executes on the second. On the first turn, the user avoids all attacks other than Earthquake and Magnitude but takes double damage from them, and is also unaffected by weather. If the user is holding a Power Herb, the move completes in one turn."
"92","toxic","맹독","toxic","poison","status","","90","10","상대를 맹독의 상태로 만든다. 턴이 진행될수록 독의 데미지가 증가한다.","Badly poisons the target. If a Poison-type Pokemon uses this move, the target cannot avoid the attack, even if the target is in the middle of a two-turn move."
"93","confusion","염동력","confusion","psychic","special","50","100","25","약한 염동력을 상대에게 보내어 공격한다. 상대를 혼란시킬 때가 있다.","Has a 10% chance to confuse the target."
"94","psychic","사이코키네시스","psychic","psychic","special","90","100","10","강한 염동력을 상대에게 보내어 공격한다. 상대의 특수방어를 떨어뜨릴 때가 있다.","Has a 10% chance to lower the target's Special Defense by 1 stage."
"95","hypnosis","최면술","hypnosis","psychic","status","","60","20","졸음을 유도하는 암시를 걸어서 상대를 잠듦 상태로 만든다.","Causes the target to fall asleep."
"96","meditate","요가포즈","meditate","psychic","status","","","40","잠들어 있는 힘을 몸속에서 끌어내어 자신의 공격을 올린다.","Raises the user's Attack by 1 stage."
"97","agility","고속이동","agility","psychic","status","","","30","힘을 빼고 몸을 가볍게 해서 고속으로 움직인다. 자신의 스피드를 크게 올린다.","Raises the user's Speed by 2 stages."
"98","quick-attack","전광석화","quick-attack","normal","physical","40","100","30","눈에 보이지 않는 굉장한 속도로 상대에게 돌진한다. 반드시 선제공격할 수 있다.","No additional effect."
"99","rage","분노","rage","normal","physical","20","100","20","기술을 썼을 때 공격을 받으면 분노의 힘으로 공격이 올라간다.","Once this move is successfully used, the user's Attack is raised by 1 stage every time it is hit by another Pokemon's attack as long as this move is chosen for use."
"100","teleport","순간이동","teleport","psychic","status","","","20","야생 포켓몬과 배틀을 그만둔다. 마지막에 들어갔던 포켓몬센터가 있는 도시에도 갈 수 있다.","If this move is successful and the user has not fainted, the user switches out even if it is trapped and is replaced immediately by a selected party member. The user does not switch out if there are no unfainted party members."
"101","night-shade","나이트헤드","night-shade","ghost","special","","100","15","무시무시한 환상을 보게 해서 자신의 레벨과 똑같은 만큼의 데미지를 상대에게 준다.","Deals damage to the target equal to the user's level."
"102","mimic","흉내내기","mimic","normal","status","","","10","상대가 마지막에 사용한 기술을 배틀을 하는 동안 자신의 기술로 만들 수 있다.","While the user remains active, this move is replaced by the last move used by the target. The copied move has the maximum PP for that move. Fails if the target has not made a move, if the user has Transformed, if the user already knows the move, or if the move is Assist, Behemoth Bash, Behemoth Blade, Belch, Blazing Torque, Celebrate, Chatter, Combat Torque, Copycat, Dynamax Cannon, Hold Hands, Magical Torque, Me First, Metronome, Mimic, Mirror Move, Nature Power, Noxious Torque, Sketch, Sleep Talk, Struggle, Tera Starstorm, Transform, or Wicked Torque."
"103","screech","싫은소리","screech","normal","status","","85","40","그만 귀를 막아버리고 싶은 싫은 소리를 내어 상대의 방어를 크게 떨어뜨린다.","Lowers the target's Defense by 2 stages."
"104","double-team","그림자분신","double-team","normal","status","","","15","재빠른 움직임으로 분신을 만들어 상대를 혼란시켜 회피율을 올린다.","Raises the user's evasiveness by 1 stage."
"105","recover","HP회복","recover","normal","status","","","5","세포를 재생시켜 자신의 최대 HP의 절반만큼 HP를 회복한다.","The user restores 1/2 of its maximum HP, rounded half up."
"106","harden","단단해지기","harden","normal","status","","","30","전신에 힘을 담아 몸을 단단하게 해서 자신의 방어를 올린다.","Raises the user's Defense by 1 stage."
"107","minimize","작아지기","minimize","normal","status","","","10","몸을 축소하여 작게 보임으로써 자신의 회피율을 크게 올린다.","Raises the user's evasiveness by 2 stages. Whether or not the user's evasiveness was changed, Body Slam, Dragon Rush, Flying Press, Heat Crash, Heavy Slam, Malicious Moonsault, Steamroller, Stomp, and Supercell Slam will not check accuracy and have their damage doubled if used against the user while it is active."
"108","smokescreen","연막","smokescreen","normal","status","","100","20","연기나 먹물을 내뿜어 상대의 명중률을 떨어뜨린다.","Lowers the target's accuracy by 1 stage."
"109","confuse-ray","이상한빛","confuse-ray","ghost","status","","100","10","이상한 빛을 상대에게 비춰 당황하게 한다. 상대를 혼란시킨다.","Causes the target to become confused."
"110","withdraw","껍질에숨기","withdraw","water","status","","","40","껍질에 숨어 몸을 보호하여 자신의 방어를 올린다.","Raises the user's Defense by 1 stage."
"111","defense-curl","웅크리기","defense-curl","normal","status","","","40","몸을 둥글게 웅크려서 자신의 방어를 올린다.","Raises the user's Defense by 1 stage. As long as the user remains active, the power of the user's Ice Ball and Rollout will be doubled (this effect is not stackable)."
"112","barrier","배리어","barrier","psychic","status","","","20","튼튼한 장막을 만들어 자신의 방어를 크게 올린다.","Raises the user's Defense by 2 stages."
"113","light-screen","빛의장막","light-screen","psychic","status","","","30","5턴 동안 이상한 장막으로 상대로부터 받는 특수공격의 데미지를 약하게 한다.","For 5 turns, the user and its party members take 0.5x damage from special attacks, or 0.66x damage if in a Double Battle. Damage is not reduced further with Aurora Veil. Critical hits ignore this effect. It is removed from the user's side if the user or an ally is successfully hit by Brick Break, Psychic Fangs, or Defog. Lasts for 8 turns if the user is holding Light Clay. Fails if the effect is already active on the user's side."
"114","haze","흑안개","haze","ice","status","","","30","흑안개를 뿜어 배틀에 참가 중인 포켓몬 전원의 능력 변화를 원래대로 돌린다.","Resets the stat stages of all active Pokemon to 0."
"115","reflect","리플렉터","reflect","psychic","status","","","20","5턴 동안 이상한 장막으로 상대로부터 받는 물리공격의 데미지를 약하게 한다.","For 5 turns, the user and its party members take 0.5x damage from physical attacks, or 0.66x damage if in a Double Battle. Damage is not reduced further with Aurora Veil. Critical hits ignore this effect. It is removed from the user's side if the user or an ally is successfully hit by Brick Break, Psychic Fangs, or Defog. Lasts for 8 turns if the user is holding Light Clay. Fails if the effect is already active on the user's side."
"116","focus-energy","기충전","focus-energy","normal","status","","","30","깊게 숨을 들이마셔 기합을 넣는다. 자신의 공격이 급소에 맞기 쉬워진다.","Raises the user's chance for a critical hit by 2 stages. Fails if the user already has the effect. Baton Pass can be used to transfer this effect to an ally."
"117","bide","참기","bide","normal","physical","","","10","2턴 동안 공격을 견뎌 입은 데미지를 2배로 만들어 상대에게 돌려준다.","The user spends two turns locked into this move and then, on the second turn after using this move, the user attacks the last Pokemon that hit it, inflicting double the damage in HP it lost to attacks during the two turns. If the last Pokemon that hit it is no longer active, the user attacks a random opposing Pokemon instead. If the user is prevented from moving during this move's use, the effect ends. This move does not check accuracy and does not ignore type immunity."
"118","metronome","손가락흔들기","metronome","normal","status","","","10","손가락을 흔들어 자신의 뇌를 자극해서 모든 기술 중 어느 하나를 날린다.","A random move is selected for use, other than After You, Apple Acid, Armor Cannon, Assist, Astral Barrage, Aura Wheel, Baneful Bunker, Beak Blast, Behemoth Bash, Behemoth Blade, Belch, Bestow, Blazing Torque, Body Press, Branch Poke, Breaking Swipe, Celebrate, Chatter, Chilling Water, Chilly Reception, Clangorous Soul, Collision Course, Combat Torque, Comeuppance, Copycat, Counter, Covet, Crafty Shield, Decorate, Destiny Bond, Detect, Diamond Storm, Doodle, Double Iron Bash, Double Shock, Dragon Ascent, Dragon Energy, Drum Beating, Dynamax Cannon, Electro Drift, Endure, Eternabeam, False Surrender, Feint, Fiery Wrath, Fillet Away, Fleur Cannon, Focus Punch, Follow Me, Freeze Shock, Freezing Glare, Glacial Lance, Grav Apple, Helping Hand, Hold Hands, Hyper Drill, Hyperspace Fury, Hyperspace Hole, Ice Burn, Instruct, Jet Punch, Jungle Healing, King's Shield, Life Dew, Light of Ruin, Magical Torque, Make It Rain, Mat Block, Me First, Meteor Assault, Metronome, Mimic, Mind Blown, Mirror Coat, Mirror Move, Moongeist Beam, Nature Power, Nature's Madness, Noxious Torque, Obstruct, Order Up, Origin Pulse, Overdrive, Photon Geyser, Plasma Fists, Population Bomb, Pounce, Power Shift, Precipice Blades, Protect, Pyro Ball, Quash, Quick Guard, Rage Fist, Rage Powder, Raging Bull, Raging Fury, Relic Song, Revival Blessing, Ruination, Salt Cure, Secret Sword, Shed Tail, Shell Trap, Silk Trap, Sketch, Sleep Talk, Snap Trap, Snarl, Snatch, Snore, Snowscape, Spectral Thief, Spicy Extract, Spiky Shield, Spirit Break, Spotlight, Springtide Storm, Steam Eruption, Steel Beam, Strange Steam, Struggle, Sunsteel Strike, Surging Strikes, Switcheroo, Techno Blast, Tera Starstorm, Thief, Thousand Arrows, Thousand Waves, Thunder Cage, Thunderous Kick, Tidy Up, Trailblaze, Transform, Trick, Twin Beam, V-create, Wicked Blow, Wicked Torque, or Wide Guard."
"119","mirror-move","따라하기","mirror-move","flying","status","","","20","상대가 사용한 기술을 흉내 내어 자신도 똑같은 기술을 쓴다.","The user uses the last move used by the target. The copied move is used against that target, if possible. Fails if the target has not made a move, or if the last move used cannot be copied by this move."
"120","self-destruct","자폭","self-destruct","normal","physical","200","100","5","폭발을 일으켜서 자신의 주위에 있는 포켓몬을 공격한다. 쓰고 나서 기절하게 된다.","The user faints after using this move, even if this move fails for having no target. This move is prevented from executing if any active Pokemon has the Damp Ability."
"121","egg-bomb","알폭탄","egg-bomb","normal","physical","100","75","10","큰 알을 온 힘을 다해 상대에게 내던져서 공격한다.","No additional effect."
"122","lick","핥기","lick","ghost","physical","30","100","30","긴 혀로 상대를 핥아서 공격한다. 마비 상태로 만들 때가 있다.","Has a 30% chance to paralyze the target."
"123","smog","스모그","smog","poison","special","30","70","20","더러운 가스를 상대에게 내뿜어 공격한다. 독 상태로 만들 때가 있다.","Has a 40% chance to poison the target."
"124","sludge","오물공격","sludge","poison","special","65","100","20","더러운 오물을 상대에게 내던져서 공격한다. 독 상태로 만들 때가 있다.","Has a 30% chance to poison the target."
"125","bone-club","뼈다귀치기","bone-club","ground","physical","65","85","20","손에 들고 있는 뼈로 상대를 세게 때려서 공격한다. 상대를 풀죽게 만들 때가 있다.","Has a 10% chance to make the target flinch."
"126","fire-blast","불대문자","fire-blast","fire","special","110","85","5","큰 대자의 불꽃으로 상대를 불태운다. 화상 상태로 만들 때가 있다.","Has a 10% chance to burn the target."
"127","waterfall","폭포오르기","waterfall","water","physical","80","100","15","굉장한 기세로 상대에게 돌진한다. 상대를 풀죽게 만들 때가 있다. 폭포도 거슬러 올라갈 수 있다.","Has a 20% chance to make the target flinch."
"128","clamp","껍질끼우기","clamp","water","physical","35","85","15","매우 튼튼하고 두꺼운 껍질에 4-5턴 동안 상대를 끼워서 공격한다.","Prevents the target from switching for four or five turns (seven turns if the user is holding Grip Claw). Causes damage to the target equal to 1/8 of its maximum HP (1/6 if the user is holding Binding Band), rounded down, at the end of each turn during effect. The target can still switch out if it is holding Shed Shell or uses Baton Pass, Flip Turn, Parting Shot, Shed Tail, Teleport, U-turn, or Volt Switch. The effect ends if either the user or the target leaves the field, or if the target uses Mortal Spin, Rapid Spin, or Substitute successfully. This effect is not stackable or reset by using this or another binding move."
"129","swift","스피드스타","swift","normal","special","60","","20","별 모양의 빛을 발사해서 상대를 공격한다. 공격은 반드시 명중한다.","This move does not check accuracy."
"130","skull-bash","로켓박치기","skull-bash","normal","physical","130","100","10","1턴째에 머리를 움츠려 방어를 올린다. 2턴째에 상대를 공격한다.","This attack charges on the first turn and executes on the second. Raises the user's Defense by 1 stage on the first turn. If the user is holding a Power Herb, the move completes in one turn."
"131","spike-cannon","가시대포","spike-cannon","normal","physical","20","100","15","날카로운 침을 상대에게 발사해서 공격한다. 2-5회 동안 연속으로 쓴다.","Hits two to five times. Has a 35% chance to hit two or three times and a 15% chance to hit four or five times. If one of the hits breaks the target's substitute, it will take damage for the remaining hits. If the user has the Skill Link Ability, this move will always hit five times."
"132","constrict","휘감기","constrict","normal","physical","10","100","35","촉수나 덩굴 등을 휘감아서 공격한다. 상대의 스피드를 떨어뜨릴 때가 있다.","Has a 10% chance to lower the target's Speed by 1 stage."
"133","amnesia","망각술","amnesia","psychic","status","","","20","머리를 비워서 순간적으로 무언가를 잊어버림으로써 자신의 특수방어를 크게 올린다.","Raises the user's Special Defense by 2 stages."
"134","kinesis","숟가락휘기","kinesis","psychic","status","","80","15","숟가락을 휘어서 주의를 끌어 상대의 명중률을 낮춘다.","Lowers the target's accuracy by 1 stage."
"135","soft-boiled","알낳기","soft-boiled","normal","status","","","5","자신의 최대 HP 절반을 회복한다. 동료에게 HP를 나누어 줄 수도 있다.","The user restores 1/2 of its maximum HP, rounded half up."
"136","high-jump-kick","무릎차기","high-jump-kick","fighting","physical","130","90","10","점프해서 무릎차기로 상대를 공격한다. 빗나가면 자신이 데미지를 입는다.","If this attack is not successful, the user loses half of its maximum HP, rounded down, as crash damage. Pokemon with the Magic Guard Ability are unaffected by crash damage."
"137","glare","뱀눈초리","glare","normal","status","","100","30","배의 무늬로 겁을 주어 상대를 마비 상태로 만든다.","Paralyzes the target."
"138","dream-eater","꿈먹기","dream-eater","psychic","special","100","100","15","잠자고 있는 상대의 꿈을 먹어 공격한다. 데미지의 절반을 HP로 회복한다.","The target is unaffected by this move unless it is asleep. The user recovers 1/2 the HP lost by the target, rounded half up. If Big Root is held by the user, the HP recovered is 1.3x normal, rounded half down."
"139","poison-gas","독가스","poison-gas","poison","status","","90","40","독가스를 상대의 얼굴에 내뿜어 독 상태로 만든다.","Poisons the target."
"140","barrage","구슬던지기","barrage","normal","physical","15","85","20","둥근 것을 상대에게 내던져서 공격한다. 2-5회 동안 연속으로 쓴다.","Hits two to five times. Has a 35% chance to hit two or three times and a 15% chance to hit four or five times. If one of the hits breaks the target's substitute, it will take damage for the remaining hits. If the user has the Skill Link Ability, this move will always hit five times."
"141","leech-life","흡혈","leech-life","bug","physical","80","100","10","피를 빨아서 상대를 공격한다. 준 데미지의 절반을 HP로 회복한다.","The user recovers 1/2 the HP lost by the target, rounded half up. If Big Root is held by the user, the HP recovered is 1.3x normal, rounded half down."
"142","lovely-kiss","악마의키스","lovely-kiss","normal","status","","75","10","무서운 얼굴로 키스한다. 상대를 잠듦 상태로 만든다.","Causes the target to fall asleep."
"143","sky-attack","불새","sky-attack","flying","physical","140","90","5","2턴째에 상대를 공격한다. 가끔 풀죽게 만든다. 급소에도 맞기 쉽다.","Has a 30% chance to make the target flinch and a higher chance for a critical hit. This attack charges on the first turn and executes on the second. If the user is holding a Power Herb, the move completes in one turn."
"144","transform","변신","transform","normal","status","","","10","상대 포켓몬으로 변신하여 상대와 완전히 똑같은 기술을 사용할 수 있다.","The user transforms into the target. The target's current stats, stat stages, types, moves, Ability, weight, gender, and sprite are copied. The user's level and HP remain the same and each copied move receives only 5 PP, with a maximum of 5 PP each. The user can no longer change formes if it would have the ability to do so. This move fails if it hits a substitute, if either the user or the target is already transformed, or if either is behind an Illusion."
"145","bubble","거품","bubble","water","special","40","100","30","매우 많은 거품을 상대에게 내뿜어 공격한다. 상대의 스피드를 떨어뜨릴 때가 있다.","Has a 10% chance to lower the target's Speed by 1 stage."
"146","dizzy-punch","잼잼펀치","dizzy-punch","normal","physical","70","100","10","리드미컬한 펀치를 날려 상대를 공격한다. 혼란시킬 때가 있다.","Has a 20% chance to confuse the target."
"147","spore","버섯포자","spore","grass","status","","100","15","최면 효과가 있는 포자를 훌훌 흩뿌려서 상대를 잠듦 상태로 만든다.","Causes the target to fall asleep."
"148","flash","플래시","flash","normal","status","","100","20","눈이 부신 빛으로 상대의 명중률을 떨어뜨린다.","Lowers the target's accuracy by 1 stage."
"149","psywave","사이코웨이브","psywave","psychic","special","","100","15","이상한 염력파를 상대에게 발사하여 공격한다. 사용할 때마다 데미지가 바뀐다.","Deals damage to the target equal to (user's level) * (X + 50) / 100, where X is a random number from 0 to 100, rounded down, but not less than 1 HP."
"150","splash","튀어오르기","splash","normal","status","","","40","공격도 하지 않고 팔딱팔딱 튈 뿐 아무 일도 일어나지 않는다...","No competitive use."
"151","acid-armor","녹기","acid-armor","poison","status","","","20","세포의 변화로 액체가 되어 자신의 방어를 크게 올린다.","Raises the user's Defense by 2 stages."
"152","crabhammer","집게해머","crabhammer","water","physical","100","90","10","큰 집게를 상대에게 내리쳐서 공격한다. 급소에 맞기 쉽다.","Has a higher chance for a critical hit."
"153","explosion","대폭발","explosion","normal","physical","250","100","5","큰 폭발로 자신의 주위에 있는 포켓몬을 공격한다. 쓰고 나서는 기절한다.","The user faints after using this move, even if this move fails for having no target. This move is prevented from executing if any active Pokemon has the Damp Ability."
"154","fury-swipes","마구할퀴기","fury-swipes","normal","physical","18","80","15","손톱이나 낫 등으로 상대를 할퀴어서 공격한다. 2-5회 동안 연속으로 쓴다.","Hits two to five times. Has a 35% chance to hit two or three times and a 15% chance to hit four or five times. If one of the hits breaks the target's substitute, it will take damage for the remaining hits. If the user has the Skill Link Ability, this move will always hit five times. If the user is holding Loaded Dice, this move will hit 4-5 times."
"155","bonemerang","뼈다귀부메랑","bonemerang","ground","physical","50","90","10","손에 들고 있는 뼈를 상대에게 날려서 날아갈 때와 돌아올 때 2회 연속 데미지를 준다.","Hits twice. If the first hit breaks the target's substitute, it will take damage for the second hit."
"156","rest","잠자기","rest","psychic","status","","","5","2턴 동안 계속 잠잔다. 자신의 HP와 상태 이상을 모두 회복한다.","The user falls asleep for the next two turns and restores all of its HP, curing itself of any non-volatile status condition in the process. Fails if the user has full HP, is already asleep, or if another effect is preventing sleep."
"157","rock-slide","스톤샤워","rock-slide","rock","physical","75","90","10","큰 바위를 세차게 부딪쳐서 공격한다. 상대를 풀죽게 만들 때가 있다.","Has a 30% chance to make the target flinch."
"158","hyper-fang","필살앞니","hyper-fang","normal","physical","80","90","15","날카로운 앞니로 강하게 물어서 공격한다. 상대를 풀죽게 만들 때가 있다.","Has a 10% chance to make the target flinch."
"159","sharpen","각지기","sharpen","normal","status","","","30","몸의 각을 늘려서 더욱 각지게 하여 자신의 공격을 올린다.","Raises the user's Attack by 1 stage."
"160","conversion","텍스처","conversion","normal","status","","","30","자신의 타입을 배운 기술 중 가장 위에 있는 기술과 같은 타입으로 바꾼다.","The user's type changes to match the original type of the move in its first move slot. Fails if the user cannot change its type, or if the type is one of the user's current types."
"161","tri-attack","트라이어택","tri-attack","normal","special","80","100","10","3개의 광선으로 공격한다. 마비, 화상 또는 얼음 상태 중 어느 하나로 만들 때가 있다.","Has a 20% chance to either burn, freeze, or paralyze the target."
"162","super-fang","분노의앞니","super-fang","normal","physical","","90","10","날카로운 앞니로 강하게 물어서 공격한다. 상대의 HP는 절반이 된다.","Deals damage to the target equal to half of its current HP, rounded down, but not less than 1 HP."
"163","slash","베어가르기","slash","normal","physical","70","100","20","발톱이나 낫 등으로 상대를 베어 갈라서 공격한다. 급소에 맞기 쉽다.","Has a higher chance for a critical hit."
"164","substitute","대타출동","substitute","normal","status","","","10","자신의 HP를 조금 깎아서 분신을 만든다. 분신은 자신의 대타가 된다.","The user takes 1/4 of its maximum HP, rounded down, and puts it into a substitute to take its place in battle. The substitute is removed once enough damage is inflicted on it, if the user switches out or faints, or if any Pokemon uses Tidy Up. Baton Pass can be used to transfer the substitute to an ally, and the substitute will keep its remaining HP. Until the substitute is broken, it receives damage from all attacks made by other Pokemon and shields the user from status effects and stat stage changes caused by other Pokemon. Sound-based moves and Pokemon with the Infiltrator Ability ignore substitutes. The user still takes normal damage from weather and status effects while behind its substitute. If the substitute breaks during a multi-hit attack, the user will take damage from any remaining hits. If a substitute is created while the user is trapped by a binding move, the binding effect ends immediately. Fails if the user does not have enough HP remaining to create a substitute without fainting, or if it already has a substitute."
"165","struggle","발버둥","struggle","normal","physical","50","","1","자신의 PP가 떨어지면 발버둥 쳐 상대를 공격한다. 자신도 조금 데미지를 입는다.","Deals typeless damage to a random opposing Pokemon. If this move was successful, the user loses 1/4 of its maximum HP, rounded half up, and the Rock Head Ability does not prevent this. This move is automatically used if none of the user's known moves can be selected."
"166","sketch","스케치","sketch","normal","status","","","1","상대가 쓴 기술을 자신의 것으로 만든다. 한 번 사용하면 스케치는 사라진다.","This move is permanently replaced by the last move used by the target. The copied move has the maximum PP for that move. Fails if the target has not made a move, if the user has Transformed, or if the move is Blazing Torque, Combat Torque, Dark Void, Hyperspace Fury, Magical Torque, Noxious Torque, Revival Blessing, Sketch, Struggle, Tera Starstorm, Wicked Torque, or any move the user knows."
"167","triple-kick","트리플킥","triple-kick","fighting","physical","10","90","10","3회 연속으로 킥을 날려 공격한다. 기술이 맞을 때마다 위력이 올라간다.","Hits three times. Power increases to 20 for the second hit and 30 for the third. This move checks accuracy for each hit, and the attack ends if the target avoids a hit. If one of the hits breaks the target's substitute, it will take damage for the remaining hits. If the user has the Skill Link Ability, this move will always hit three times."
"168","thief","도둑질","thief","dark","physical","60","100","25","공격과 동시에 도구를 훔친다. 자신이 도구를 지니고 있을 경우에는 훔칠 수 없다.","If this attack was successful and the user has not fainted, it steals the target's held item if the user is not holding one. A target with the Sticky Hold Ability does not lose its held item if it has not fainted. The target's item is not stolen if it is a Blue Orb, Red Orb, Adamant Crystal, Lustrous Globe, Griseous Core, Plate, Drive, Memory, Rusted Sword, Rusted Shield, Booster Energy, or Mask held by a Kyogre, Groudon, Dialga, Palkia, Giratina, Arceus, Genesect, Silvally, Zacian, Zamazenta, Paradox Pokemon, or Ogerpon, respectively, or if the user is one of those species and the target is holding the respective item. In this case, Paradox Pokemon include every species with the Protosynthesis and Quark Drive Abilities, except Gouging Fire, Raging Bolt, Iron Boulder, and Iron Crown. Items lost to this move cannot be regained with Recycle or the Harvest Ability."
"169","spider-web","거미집","spider-web","bug","status","","","10","끈적끈적하고 가는 실을 칭칭 휘감아 상대를 배틀에서 도망칠 수 없게 한다.","Prevents the target from switching out. The target can still switch out if it is holding Shed Shell or uses Baton Pass, Flip Turn, Parting Shot, Teleport, U-turn, or Volt Switch. The effect ends if either the user or the target leaves the field."
"170","mind-reader","마음의눈","mind-reader","normal","status","","","5","상대의 움직임을 마음으로 읽고 다음 공격이 반드시 상대에게 명중되게 한다.","Until the end of the next turn, the target cannot avoid the user's moves, even if the target is in the middle of a two-turn move. The effect ends if either the user or the target leaves the field. Fails if this effect is active for the user."
"171","nightmare","악몽","nightmare","ghost","status","","100","15","잠듦 상태의 상대에게 악몽을 꾸게 하여 매 턴 조금씩 HP를 떨어뜨려 간다.","Causes the target to lose 1/4 of its maximum HP, rounded down, at the end of each turn as long as it is asleep. This move does not affect the target unless it is asleep. The effect ends when the target wakes up, even if it falls asleep again in the same turn."
"172","flame-wheel","화염바퀴","flame-wheel","fire","physical","60","100","25","불꽃을 둘러 상대에게 돌진하여 공격한다. 화상 상태로 만들 때가 있다.","Has a 10% chance to burn the target."
"173","snore","코골기","snore","normal","special","50","100","15","자신이 잠들어있을 때 소음을 내어 공격한다. 상대를 풀죽게 만들 때가 있다.","Has a 30% chance to make the target flinch. Fails if the user is not asleep."
"174","curse","저주","curse","ghost","status","","","10","기술을 쓰는 포켓몬이 고스트타입일 때와 그 이외의 타입일 때는 효과가 다르다.","If the user is not a Ghost type, lowers the user's Speed by 1 stage and raises the user's Attack and Defense by 1 stage. If the user is a Ghost type, the user loses 1/2 of its maximum HP, rounded down and even if it would cause fainting, in exchange for the target losing 1/4 of its maximum HP, rounded down, at the end of each turn while it is active. If the target uses Baton Pass, the replacement will continue to be affected. Fails if there is no target or if the target is already affected."
"175","flail","바둥바둥","flail","normal","physical","","100","15","바둥바둥 난동 부려서 공격한다. 자신의 HP가 적을수록 기술의 위력이 올라간다.","The power of this move is 20 if X is 33 to 48, 40 if X is 17 to 32, 80 if X is 10 to 16, 100 if X is 5 to 9, 150 if X is 2 to 4, and 200 if X is 0 or 1, where X is equal to (user's current HP * 48 / user's maximum HP), rounded down."
"176","conversion-2","텍스처2","conversion-2","normal","status","","","30","상대가 마지막으로 쓴 기술에 저항할 수 있도록 자신의 타입을 변화시킨다.","The user's type changes to match a type that resists or is immune to the type of the last move used by the target, but not either of its current types. The determined type of the move is used rather than the original type. Fails if the target has not made a move, if the user cannot change its type, or if this move would only be able to select one of the user's current types."
"177","aeroblast","에어로블라스트","aeroblast","flying","special","100","95","5","공기의 소용돌이를 발사하여 공격한다. 급소에 맞기 쉽다.","Has a higher chance for a critical hit."
"178","cotton-spore","목화포자","cotton-spore","grass","status","","100","40","솜처럼 폭신폭신한 포자를 착 달라붙게 해서 상대의 스피드를 크게 떨어뜨린다.","Lowers the target's Speed by 2 stages."
"179","reversal","기사회생","reversal","fighting","physical","","100","15","힘을 쥐어짜서 공격한다. 자신의 HP가 적을수록 기술의 위력이 올라간다.","The power of this move is 20 if X is 33 to 48, 40 if X is 17 to 32, 80 if X is 10 to 16, 100 if X is 5 to 9, 150 if X is 2 to 4, and 200 if X is 0 or 1, where X is equal to (user's current HP * 48 / user's maximum HP), rounded down."
"180","spite","원한","spite","ghost","status","","100","10","상대가 마지막으로 사용한 기술에 원한을 품어 그 기술의 PP를 4만큼 줄인다.","Causes the target's last move used to lose 4 PP. Fails if the target has not made a move, if the move has 0 PP, or if it no longer knows the move."
"181","powder-snow","눈싸라기","powder-snow","ice","special","40","100","25","차가운 가랑눈을 상대에게 내뿜어 공격한다. 얼음 상태로 만들 때가 있다.","Has a 10% chance to freeze the target."
"182","protect","방어","protect","normal","status","","","10","상대의 공격을 전혀 받지 않는다. 연속으로 쓰면 실패하기 쉽다.","The user is protected from most attacks made by other Pokemon during this turn. This move has a 1/X chance of being successful, where X starts at 1 and triples each time this move is successfully used. X resets to 1 if this move fails, if the user's last move used is not Baneful Bunker, Burning Bulwark, Detect, Endure, King's Shield, Max Guard, Obstruct, Protect, Quick Guard, Silk Trap, Spiky Shield, or Wide Guard, or if it was one of those moves and the user's protection was broken. Fails if the user moves last this turn."
"183","mach-punch","마하펀치","mach-punch","fighting","physical","40","100","30","눈에 보이지 않는 굉장한 속도로 펀치를 날린다. 반드시 선제공격을 할 수 있다.","No additional effect."
"184","scary-face","겁나는얼굴","scary-face","normal","status","","100","10","무서운 얼굴로 노려보고 겁주어 상대의 스피드를 크게 떨어뜨린다.","Lowers the target's Speed by 2 stages."
"185","feint-attack","속여때리기","feint-attack","dark","physical","60","","20","슬금슬금 상대에게 다가가 방심한 틈을 타서 세게 때린다. 공격은 반드시 명중한다.","This move does not check accuracy."
"186","sweet-kiss","천사의키스","sweet-kiss","fairy","status","","75","10","천사처럼 귀엽게 키스하여 상대를 혼란시킨다.","Causes the target to become confused."
"187","belly-drum","배북","belly-drum","normal","status","","","10","자신의 HP를 최대 HP의 절반만큼 감소시켜 자신의 공격을 최대로 올린다.","Raises the user's Attack by 12 stages in exchange for the user losing 1/2 of its maximum HP, rounded down. Fails if the user would faint or if its Attack stat stage is 6."
"188","sludge-bomb","오물폭탄","sludge-bomb","poison","special","90","100","10","더러운 오물을 상대에게 내던져서 공격한다. 독 상태로 만들 때가 있다.","Has a 30% chance to poison the target."
"189","mud-slap","진흙뿌리기","mud-slap","ground","special","20","100","10","상대의 얼굴 등에 진흙을 내던져서 공격한다. 명중률을 떨어뜨린다.","Has a 100% chance to lower the target's accuracy by 1 stage."
"190","octazooka","대포무노포","octazooka","water","special","65","85","10","상대의 얼굴 등에 먹물을 내뿜어 공격한다. 명중률을 떨어뜨릴 때가 있다.","Has a 50% chance to lower the target's accuracy by 1 stage."
"191","spikes","압정뿌리기","spikes","ground","status","","","20","상대의 발밑에 압정을 뿌린다. 교체된 상대 포켓몬에게 데미지를 준다.","Sets up a hazard on the opposing side of the field, damaging each opposing Pokemon that switches in, unless it is a Flying-type Pokemon or has the Levitate Ability. Can be used up to three times before failing. Opponents lose 1/8 of their maximum HP with one layer, 1/6 of their maximum HP with two layers, and 1/4 of their maximum HP with three layers, all rounded down. Can be removed from the opposing side if any Pokemon uses Tidy Up, or if any opposing Pokemon uses Mortal Spin, Rapid Spin, or Defog successfully, or is hit by Defog."
"192","zap-cannon","전자포","zap-cannon","electric","special","120","50","5","대포처럼 전기를 발사해서 공격한다. 상대를 마비 상태로 만든다.","Has a 100% chance to paralyze the target."
"193","foresight","꿰뚫어보기","foresight","normal","status","","","40","고스트타입에 효과가 없는 기술이나 회피율이 높은 상대라 할지라도 공격이 맞게 된다.","As long as the target remains active, its evasiveness stat stage is ignored during accuracy checks against it if it is greater than 0, and Normal- and Fighting-type attacks can hit the target if it is a Ghost type. Fails if the target is already affected, or affected by Miracle Eye or Odor Sleuth."
"194","destiny-bond","길동무","destiny-bond","ghost","status","","","5","기술을 쓴 뒤 공격을 받아 기절했을 때 길동무의 대상도 기절하게 한다.","Until the user's next move, if an opposing Pokemon's attack knocks the user out, that Pokemon faints as well, unless the attack was Doom Desire or Future Sight. Fails if the user used this move successfully as its last move, disregarding moves used through the Dancer Ability."
"195","perish-song","멸망의노래","perish-song","normal","status","","","5","노래를 들은 포켓몬은 3턴이 지나면 기절한다. 교체되면 효과가 없어진다.","Each active Pokemon receives a perish count of 4 if it doesn't already have a perish count. At the end of each turn including the turn used, the perish count of all active Pokemon lowers by 1 and Pokemon faint if the number reaches 0. The perish count is removed from Pokemon that switch out. If a Pokemon uses Baton Pass while it has a perish count, the replacement will gain the perish count and continue to count down."
"196","icy-wind","얼어붙은바람","icy-wind","ice","special","55","95","15","차가운 냉기를 상대에게 내뿜어 공격한다. 상대의 스피드를 떨어뜨린다.","Has a 100% chance to lower the target's Speed by 1 stage."
"197","detect","판별","detect","fighting","status","","","5","상대의 공격을 전혀 받지 않는다. 연속으로 쓰면 실패하기 쉽다.","The user is protected from most attacks made by other Pokemon during this turn. This move has a 1/X chance of being successful, where X starts at 1 and triples each time this move is successfully used. X resets to 1 if this move fails, if the user's last move used is not Baneful Bunker, Burning Bulwark, Detect, Endure, King's Shield, Max Guard, Obstruct, Protect, Quick Guard, Silk Trap, Spiky Shield, or Wide Guard, or if it was one of those moves and the user's protection was broken. Fails if the user moves last this turn."
"198","bone-rush","본러시","bone-rush","ground","physical","25","90","10","단단한 뼈로 상대를 세게 때려서 공격한다. 2-5회 동안 연속으로 쓴다.","Hits two to five times. Has a 35% chance to hit two or three times and a 15% chance to hit four or five times. If one of the hits breaks the target's substitute, it will take damage for the remaining hits. If the user has the Skill Link Ability, this move will always hit five times. If the user is holding Loaded Dice, this move will hit 4-5 times."
"199","lock-on","록온","lock-on","normal","status","","","5","조준을 잘 맞춰 다음 공격이 반드시 상대에게 명중하도록 한다.","Until the end of the next turn, the target cannot avoid the user's moves, even if the target is in the middle of a two-turn move. The effect ends if either the user or the target leaves the field. Fails if this effect is active for the user."
"200","outrage","역린","outrage","dragon","physical","120","100","10","2-3턴 동안 마구 난동 부려서 공격한다. 난동 부린 뒤에는 혼란에 빠진다.","The user spends two or three turns locked into this move and becomes confused immediately after its move on the last turn of the effect if it is not already. This move targets an opposing Pokemon at random on each turn. If the user is prevented from moving, is asleep at the beginning of a turn, or the attack is not successful against the target on the first turn of the effect or the second turn of a three-turn effect, the effect ends without causing confusion. If this move is called by Sleep Talk and the user is asleep, the move is used for one turn and does not confuse the user."
"201","sandstorm","모래바람","sandstorm","rock","status","","","10","5턴 동안 모래바람으로 바위, 땅, 강철타입 이외의 포켓몬에게 데미지를 준다.","For 5 turns, the weather becomes Sandstorm. At the end of each turn except the last, all active Pokemon lose 1/16 of their maximum HP, rounded down, unless they are a Ground, Rock, or Steel type, or have the Magic Guard, Overcoat, Sand Force, Sand Rush, or Sand Veil Abilities. During the effect, the Special Defense of Rock-type Pokemon is multiplied by 1.5 when taking damage from a special attack. Lasts for 8 turns if the user is holding Smooth Rock. Fails if the current weather is Sandstorm."
"202","giga-drain","기가드레인","giga-drain","grass","special","75","100","10","양분을 흡수하여 공격한다. 입힌 데미지의 절반에 해당하는 HP를 회복할 수 있다.","The user recovers 1/2 the HP lost by the target, rounded half up. If Big Root is held by the user, the HP recovered is 1.3x normal, rounded half down."
"203","endure","버티기","endure","normal","status","","","10","공격을 받아도 HP를 반드시 1만큼은 남긴다. 연속으로 쓰면 실패하기 쉽다.","The user will survive attacks made by other Pokemon during this turn with at least 1 HP. This move has a 1/X chance of being successful, where X starts at 1 and triples each time this move is successfully used. X resets to 1 if this move fails, if the user's last move used is not Baneful Bunker, Burning Bulwark, Detect, Endure, King's Shield, Max Guard, Obstruct, Protect, Quick Guard, Silk Trap, Spiky Shield, or Wide Guard, or if it was one of those moves and the user's protection was broken. Fails if the user moves last this turn."
"204","charm","애교부리기","charm","fairy","status","","100","20","귀엽게 바라보고 방심을 유도하여 상대의 공격을 크게 떨어뜨린다.","Lowers the target's Attack by 2 stages."
"205","rollout","구르기","rollout","rock","physical","30","90","20","5턴 동안 구르기를 반복하여 공격한다. 기술이 맞을 때마다 위력이 올라간다.","If this move is successful, the user is locked into this move and cannot make another move until it misses, 5 turns have passed, or the attack cannot be used. Power doubles with each successful hit of this move and doubles again if Defense Curl was used previously by the user. If this move is called by Sleep Talk, the move is used for one turn."
"206","false-swipe","칼등치기","false-swipe","normal","physical","40","100","40","상대의 HP가 반드시 1만큼 남도록 조절하여 공격한다.","Leaves the target with at least 1 HP."
"207","swagger","뽐내기","swagger","normal","status","","85","15","상대를 화내게 해서 혼란시킨다. 분노로 상대의 공격은 크게 올라가 버린다.","Raises the target's Attack by 2 stages and confuses it."
"208","milk-drink","우유마시기","milk-drink","normal","status","","","5","자신의 최대 HP 절반을 회복한다. 동료에게 HP를 나누어 줄 수도 있다.","The user restores 1/2 of its maximum HP, rounded half up."
"209","spark","스파크","spark","electric","physical","65","100","20","전기를 둘러 상대에게 돌진하여 공격한다. 마비 상태로 만들 때가 있다.","Has a 30% chance to paralyze the target."
"210","fury-cutter","연속자르기","fury-cutter","bug","physical","40","95","20","낫이나 발톱 등으로 상대를 베어 공격한다. 연속으로 맞히면 위력이 올라간다.","Power doubles with each successful hit, up to a maximum of 160 power. The power is reset if this move misses or another move is used."
"211","steel-wing","강철날개","steel-wing","steel","physical","70","90","25","단단한 날개를 상대에게 부딪쳐서 공격한다. 자신의 방어가 올라갈 때가 있다.","Has a 10% chance to raise the user's Defense by 1 stage."
"212","mean-look","검은눈빛","mean-look","normal","status","","","5","빨려 들어갈 것 같은 까만 눈빛으로 가만히 응시하여 상대를 배틀에서 도망갈 수 없게 한다.","Prevents the target from switching out. The target can still switch out if it is holding Shed Shell or uses Baton Pass, Flip Turn, Parting Shot, Teleport, U-turn, or Volt Switch. The effect ends if either the user or the target leaves the field."
"213","attract","헤롱헤롱","attract","normal","status","","100","15","수컷은 암컷을 암컷은 수컷을 유혹하여 헤롱헤롱하게 만든다. 상대가 기술을 쓰기 어려워진다.","Causes the target to become infatuated, making it unable to attack 50% of the time. Fails if both the user and the target are the same gender, if either is genderless, or if the target is already infatuated. The effect ends when either the user or the target is no longer active. Pokemon with the Oblivious Ability or protected by the Aroma Veil Ability are immune."
"214","sleep-talk","잠꼬대","sleep-talk","normal","status","","","10","자신이 배운 기술 중 하나를 무작위로 날린다. 자신이 잠들어 있을 때만 쓸 수 있다.","One of the user's known moves, besides this move, is selected for use at random. Fails if the user is not asleep. The selected move does not have PP deducted from it, and can currently have 0 PP. This move cannot select Assist, Beak Blast, Belch, Bide, Blazing Torque, Celebrate, Chatter, Combat Torque, Copycat, Dynamax Cannon, Focus Punch, Hold Hands, Magical Torque, Me First, Metronome, Mimic, Mirror Move, Nature Power, Noxious Torque, Shell Trap, Sketch, Sleep Talk, Struggle, Uproar, Wicked Torque, or any two-turn move."
"215","heal-bell","치료방울","heal-bell","normal","status","","","5","기분 좋은 방울소리를 들려주어 같은 편 전원의 상태 이상을 회복한다.","Every Pokemon in the user's party is cured of its non-volatile status condition. Active Pokemon with the Soundproof Ability are not cured, unless they are the user."
"216","return","은혜갚기","return","normal","physical","","100","20","트레이너를 위해 전력으로 상대를 공격한다. 친밀할수록 위력이 올라간다.","Power is equal to the greater of (user's Happiness * 2/5), rounded down, or 1."
"217","present","프레젠트","present","normal","physical","","90","15","덫을 설치한 상자를 상대에게 건네어 공격한다. HP가 회복돼버릴 때도 있다.","If this move is successful, it deals damage or heals the target. 40% chance for 40 power, 30% chance for 80 power, 10% chance for 120 power, and 20% chance to heal the target by 1/4 of its maximum HP, rounded down."
"218","frustration","화풀이","frustration","normal","physical","","100","20","불만을 풀기 위해 전력으로 상대를 공격한다. 친밀하지 않을수록 위력이 올라간다.","Power is equal to the greater of ((255 - user's Happiness) * 2/5), rounded down, or 1."
"219","safeguard","신비의부적","safeguard","normal","status","","","25","5턴 동안 이상한 힘으로 보호받아 상태 이상이 되지 않는다.","For 5 turns, the user and its party members cannot have non-volatile status conditions or confusion inflicted on them by other Pokemon. Pokemon on the user's side cannot become affected by Yawn but can fall asleep from its effect. It is removed from the user's side if the user or an ally is successfully hit by Defog. Fails if the effect is already active on the user's side."
"220","pain-split","아픔나누기","pain-split","normal","status","","","20","자신의 HP와 상대의 HP를 합친 것을 자신과 상대가 사이좋게 나눈다.","The user and the target's HP become the average of their current HP, rounded down, but not more than the maximum HP of either one."
"221","sacred-fire","성스러운불꽃","sacred-fire","fire","physical","100","95","5","신비한 불꽃으로 상대를 태워서 공격한다. 화상 상태로 만들 때가 있다.","Has a 50% chance to burn the target."
"222","magnitude","매그니튜드","magnitude","ground","physical","","100","30","땅을 흔들어서 자신의 주위에 있는 포켓몬을 공격한다. 기술의 위력이 여러모로 바뀐다.","The power of this move varies; 5% chances for 10 and 150 power, 10% chances for 30 and 110 power, 20% chances for 50 and 90 power, and 30% chance for 70 power. Damage doubles if the target is using Dig."
"223","dynamic-punch","폭발펀치","dynamic-punch","fighting","physical","100","50","5","혼신의 힘으로 펀치를 날려서 공격한다. 상대를 반드시 혼란시킨다.","Has a 100% chance to confuse the target."
"224","megahorn","메가혼","megahorn","bug","physical","120","85","10","단단하고 훌륭한 뿔로 마음껏 상대를 꿰찔러서 공격한다.","No additional effect."
"225","dragon-breath","용의숨결","dragon-breath","dragon","special","60","100","20","굉장한 숨결을 상대에게 내뿜어 공격한다. 마비 상태로 만들 때가 있다.","Has a 30% chance to paralyze the target."
"226","baton-pass","배턴터치","baton-pass","normal","status","","","40","교대 포켓몬과 바뀐다. 능력 변화는 바뀐 포켓몬이 그대로 이어받는다.","The user is replaced with another Pokemon in its party. The selected Pokemon has the user's stat stage changes transferred to it, as well as the effects of confusion, Aqua Ring, Curse, Dragon Cheer, Embargo, Focus Energy, Gastro Acid, Heal Block, Ingrain, Leech Seed, Lock-On (Mind Reader), Magnet Rise, Perish Song, Power Trick, Telekinesis, and a substitute with its remaining HP. The effect of Gastro Acid is not transferred if the recipient has an Ability that cannot be affected."
"227","encore","앙코르","encore","normal","status","","100","5","상대가 마지막으로 사용한 기술을 3턴 동안 계속 쓰게 한다.","For its next 3 turns, the target is forced to repeat its last move used. If the affected move runs out of PP, the effect ends. Fails if the target is already under this effect, if it has not made a move, if the move has 0 PP, or if the move is Assist, Blazing Torque, Combat Torque, Copycat, Dynamax Cannon, Encore, Magical Torque, Me First, Metronome, Mimic, Mirror Move, Nature Power, Noxious Torque, Sketch, Sleep Talk, Struggle, Transform, or Wicked Torque."
"228","pursuit","따라가때리기","pursuit","dark","physical","40","100","20","상대 포켓몬이 교체될 때 기술을 쓰면 2배의 위력으로 공격할 수 있다.","If an opposing Pokemon switches out this turn, this move hits that Pokemon before it leaves the field, even if it was not the original target. If the user moves after an opponent using Flip Turn, Parting Shot, Teleport, U-turn, or Volt Switch, but not Baton Pass, it will hit that opponent before it leaves the field. Power doubles and no accuracy check is done if the user hits an opponent switching out, and the user's turn is over; if an opponent faints from this, the replacement Pokemon does not become active until the end of the turn."
"229","rapid-spin","고속스핀","rapid-spin","normal","physical","50","100","40","회전해서 상대를 공격한다. 조이기, 김밥말이, 씨뿌리기, 압정뿌리기 등도 날려버린다.","If this move is successful and the user has not fainted, the effects of Leech Seed and binding moves end for the user, and all hazards are removed from the user's side of the field. Has a 100% chance to raise the user's Speed by 1 stage."
"230","sweet-scent","달콤한향기","sweet-scent","normal","status","","100","20","향기로 상대의 회피율을 크게 떨어뜨린다. 풀밭 등에서 쓰면 포켓몬이 다가온다.","Lowers the target's evasiveness by 2 stages."
"231","iron-tail","아이언테일","iron-tail","steel","physical","100","75","15","단단한 꼬리로 상대를 힘껏 쳐서 공격한다. 상대의 방어를 떨어뜨릴 때가 있다.","Has a 30% chance to lower the target's Defense by 1 stage."
"232","metal-claw","메탈클로","metal-claw","steel","physical","50","95","35","강철의 발톱으로 상대를 베어 갈라 공격한다. 자신의 공격이 올라갈 때도 있다.","Has a 10% chance to raise the user's Attack by 1 stage."
"233","vital-throw","받아던지기","vital-throw","fighting","physical","70","","10","상대보다 나중에 공격한다. 그 대신 자신의 공격은 반드시 명중한다.","This move does not check accuracy."
"234","morning-sun","아침햇살","morning-sun","normal","status","","","5","자신의 HP를 회복한다. 날씨에 따라 회복량이 변한다.","The user restores 1/2 of its maximum HP if Strong Winds or no weather conditions are in effect or if the user is holding Utility Umbrella, 2/3 of its maximum HP if the weather is Intense Sun or Sun, and 1/4 of its maximum HP if the weather is Heavy Rain, Rain, Sandstorm, or Snow, all rounded half down."
"235","synthesis","광합성","synthesis","grass","status","","","5","자신의 HP를 회복한다. 날씨에 따라 회복량이 변한다.","The user restores 1/2 of its maximum HP if Strong Winds or no weather conditions are in effect or if the user is holding Utility Umbrella, 2/3 of its maximum HP if the weather is Intense Sun or Sun, and 1/4 of its maximum HP if the weather is Heavy Rain, Rain, Sandstorm, or Snow, all rounded half down."
"236","moonlight","달빛","moonlight","fairy","status","","","5","자신의 HP를 회복한다. 날씨에 따라 회복량이 변한다.","The user restores 1/2 of its maximum HP if Strong Winds or no weather conditions are in effect or if the user is holding Utility Umbrella, 2/3 of its maximum HP if the weather is Intense Sun or Sun, and 1/4 of its maximum HP if the weather is Heavy Rain, Rain, Sandstorm, or Snow, all rounded half down."
"237","hidden-power","잠재파워","hidden-power","normal","special","60","100","15","기술을 쓴 포켓몬에 따라 기술의 타입이 바뀐다.","This move's type depends on the user's individual values (IVs), and can be any type but Fairy and Normal."
"238","cross-chop","크로스촙","cross-chop","fighting","physical","100","80","5","양손으로 당수를 상대에게 힘껏 쳐서 공격한다. 급소에 맞기 쉽다.","Has a higher chance for a critical hit."
"239","twister","회오리","twister","dragon","special","40","100","20","회오리를 일으켜 상대를 끌어들여 공격한다. 상대를 풀죽게 만들 때가 있다.","Has a 20% chance to make the target flinch. Power doubles if the target is using Bounce, Fly, or Sky Drop, or is under the effect of Sky Drop."
"240","rain-dance","비바라기","rain-dance","water","status","","","5","5턴 동안 비를 내리게 하여 물타입 기술의 위력을 올린다.","For 5 turns, the weather becomes Rain. The damage of Water-type attacks is multiplied by 1.5 and the damage of Fire-type attacks is multiplied by 0.5 during the effect. Lasts for 8 turns if the user is holding Damp Rock. Fails if the current weather is Rain."
"241","sunny-day","쾌청","sunny-day","fire","status","","","5","5턴 동안 햇살을 강하게 해서 불꽃타입 기술의 위력을 올린다.","For 5 turns, the weather becomes Sun. The damage of Fire-type attacks is multiplied by 1.5 and the damage of Water-type attacks is multiplied by 0.5 during the effect. Lasts for 8 turns if the user is holding Heat Rock. Fails if the current weather is Sun."
"242","crunch","깨물어부수기","crunch","dark","physical","80","100","15","날카로운 이빨로 상대를 깨물어 부숴서 공격한다. 상대의 방어를 떨어뜨릴 때가 있다.","Has a 20% chance to lower the target's Defense by 1 stage."
"243","mirror-coat","미러코트","mirror-coat","psychic","special","","100","20","상대에게 받은 특수공격의 데미지를 2배로 만들어 그 상대에게 돌려준다.","Deals damage to the last opposing Pokemon to hit the user with a special attack this turn equal to twice the HP lost by the user from that attack. If the user did not lose HP from the attack, this move deals 1 HP of damage instead. If that opposing Pokemon's position is no longer in use and there is another opposing Pokemon on the field, the damage is done to it instead. Only the last hit of a multi-hit attack is counted. Fails if the user was not hit by an opposing Pokemon's special attack this turn."
"244","psych-up","자기암시","psych-up","normal","status","","","10","자신에게 암시를 걸어서 능력 변화 상태를 상대와 똑같은 상태로 만든다.","The user copies all of the target's current stat stage changes."
"245","extreme-speed","신속","extreme-speed","normal","physical","80","100","5","눈에 보이지 않는 굉장한 속도로 상대에게 돌진하여 공격한다. 반드시 선제공격을 할 수 있다.","No additional effect."
"246","ancient-power","원시의힘","ancient-power","rock","special","60","100","5","원시의 힘으로 공격한다. 자신의 모든 능력이 오를 때가 있다.","Has a 10% chance to raise the user's Attack, Defense, Special Attack, Special Defense, and Speed by 1 stage."
"247","shadow-ball","섀도볼","shadow-ball","ghost","special","80","100","15","까만 그림자의 덩어리를 내던져서 공격한다. 상대의 특수방어를 떨어뜨릴 때가 있다.","Has a 20% chance to lower the target's Special Defense by 1 stage."
"248","future-sight","미래예지","future-sight","psychic","special","120","100","10","기술을 사용한 2턴 뒤에 상대에게 염동력의 덩어리를 보내어 공격한다.","Deals damage two turns after this move is used. At the end of that turn, the damage is calculated at that time and dealt to the Pokemon at the position the target had when the move was used. If the user is no longer active at the time, damage is calculated based on the user's natural Special Attack stat, types, and level, with no boosts from its held item or Ability. Fails if this move or Doom Desire is already in effect for the target's position."
"249","rock-smash","바위깨기","rock-smash","fighting","physical","40","100","15","펀치로 공격한다. 상대의 방어를 떨어뜨릴 때가 있다. 바위를 깰 수도 있다.","Has a 50% chance to lower the target's Defense by 1 stage."
"250","whirlpool","바다회오리","whirlpool","water","special","35","85","15","세차게 소용돌이치는 물속에 4-5턴 동안 상대를 가두어 공격한다.","Prevents the target from switching for four or five turns (seven turns if the user is holding Grip Claw). Causes damage to the target equal to 1/8 of its maximum HP (1/6 if the user is holding Binding Band), rounded down, at the end of each turn during effect. The target can still switch out if it is holding Shed Shell or uses Baton Pass, Flip Turn, Parting Shot, Shed Tail, Teleport, U-turn, or Volt Switch. The effect ends if either the user or the target leaves the field, or if the target uses Mortal Spin, Rapid Spin, or Substitute successfully. This effect is not stackable or reset by using this or another binding move."
"251","beat-up","집단구타","beat-up","dark","physical","","100","10","같은 편 전원이 공격한다. 동료 포켓몬이 많을수록 기술의 공격 횟수가 증가한다.","Hits one time for the user and one time for each unfainted Pokemon without a non-volatile status condition in the user's party. The power of each hit is equal to 5+(X/10), where X is each participating Pokemon's base Attack; each hit is considered to come from the user."
"252","fake-out","속이기","fake-out","normal","physical","40","100","10","선제공격으로 상대를 풀죽게 한다. 배틀에 나가서 바로 쓰지 않으면 성공할 수 없다.","Has a 100% chance to make the target flinch. Fails unless it is the user's first turn on the field."
"253","uproar","소란피기","uproar","normal","special","90","100","10","3턴 동안 소란 피워 공격한다. 그 동안은 아무도 잠들지 않게 된다.","The user spends three turns locked into this move. This move targets an opponent at random on each turn. On the first of the three turns, all sleeping active Pokemon wake up. During the three turns, no active Pokemon can fall asleep by any means, and Pokemon switched in during the effect do not wake up. If the user is prevented from moving or the attack is not successful against the target during one of the turns, the effect ends."
"254","stockpile","비축하기","stockpile","normal","status","","","20","힘을 비축해서 자신의 방어와 특수방어를 올린다. 최대 3회까지 비축할 수 있다.","Raises the user's Defense and Special Defense by 1 stage. The user's Stockpile count increases by 1. Fails if the user's Stockpile count is 3. The user's Stockpile count is reset to 0 when it is no longer active."
"255","spit-up","토해내기","spit-up","normal","special","","100","10","비축된 힘을 상대에게 부딪쳐서 공격한다. 비축된 만큼 위력이 올라간다.","Power is equal to 100 times the user's Stockpile count. Fails if the user's Stockpile count is 0. Whether or not this move is successful, the user's Defense and Special Defense decrease by as many stages as Stockpile had increased them, and the user's Stockpile count resets to 0."
"256","swallow","꿀꺽","swallow","normal","status","","","10","비축된 힘을 꿀꺽해서 자신의 HP를 회복한다. 비축된 만큼 회복한다.","The user restores its HP based on its Stockpile count. Restores 1/4 of its maximum HP if it's 1, 1/2 of its maximum HP if it's 2, both rounded half down, and all of its HP if it's 3. Fails if the user's Stockpile count is 0. The user's Defense and Special Defense decrease by as many stages as Stockpile had increased them, and the user's Stockpile count resets to 0."
"257","heat-wave","열풍","heat-wave","fire","special","95","90","10","뜨거운 숨결을 상대에게 내뿜어 공격한다. 화상 상태로 만들 때가 있다.","Has a 10% chance to burn the target."
"258","hail","싸라기눈","hail","ice","status","","","10","5턴 동안 싸라기눈을 내리게 해 얼음타입이 아닌 포켓몬 모두에게 데미지를 준다.","For 5 turns, the weather becomes Hail. At the end of each turn except the last, all active Pokemon lose 1/16 of their maximum HP, rounded down, unless they are an Ice type or have the Ice Body, Magic Guard, Overcoat, or Snow Cloak Abilities. Lasts for 8 turns if the user is holding Icy Rock. Fails if the current weather is Hail."
"259","torment","트집","torment","dark","status","","100","15","상대에게 트집을 잡아서 똑같은 기술을 2회 연속으로 쓸 수 없게 한다.","Prevents the target from selecting the same move for use two turns in a row. This effect ends when the target is no longer active."
"260","flatter","부추기기","flatter","dark","status","","100","15","상대를 부추겨서 혼란시킨다. 동시에 상대의 특수공격도 올라가 버린다.","Raises the target's Special Attack by 1 stage and confuses it."
"261","will-o-wisp","도깨비불","will-o-wisp","fire","status","","85","15","으스스하고 괴상한 불꽃을 쏘아 상대를 화상 상태로 만든다.","Burns the target."
"262","memento","추억의선물","memento","dark","status","","100","10","자신은 기절하게 되지만 그 대신 상대의 공격과 특수공격을 크게 떨어뜨린다.","Lowers the target's Attack and Special Attack by 2 stages. The user faints unless this move misses or there is no target. Fails entirely if this move hits a substitute, but does not fail if the target's stats cannot be changed."
"263","facade","객기","facade","normal","physical","70","100","20","자신이 독, 마비, 화상 상태일 때 날리면 기술의 위력이 2배가 된다.","Power doubles if the user is burned, paralyzed, or poisoned. The physical damage halving effect from the user's burn is ignored."
"264","focus-punch","힘껏펀치","focus-punch","fighting","physical","150","100","20","정신력을 높여 펀치를 날린다. 기술을 쓰기 전에 공격을 받으면 실패한다.","The user loses its focus and does nothing if it is hit by a damaging attack this turn before it can execute the move."
"265","smelling-salts","정신차리기","smelling-salts","normal","physical","70","100","10","마비 상태의 상대에게는 위력이 2배가 되지만 대신 상대의 마비가 풀린다.","Power doubles if the target is paralyzed. If the user has not fainted, the target is cured of paralysis."
"266","follow-me","날따름","follow-me","normal","status","","","20","자신에게 주목시켜 상대로부터의 공격을 모두 자신에게 향하게 한다.","Until the end of the turn, all single-target attacks from the opposing side are redirected to the user. Such attacks are redirected to the user before they can be reflected by Magic Coat or the Magic Bounce Ability, or drawn in by the Lightning Rod or Storm Drain Abilities. Fails if it is not a Double Battle or Battle Royal. This effect is ignored while the user is under the effect of Sky Drop."
"267","nature-power","자연의힘","nature-power","normal","status","","","20","자연의 힘으로 공격한다. 사용하는 장소에 따라 나오는 기술이 변화한다.","This move calls another move for use based on the battle terrain. Tri Attack on the regular Wi-Fi terrain, Thunderbolt during Electric Terrain, Moonblast during Misty Terrain, Energy Ball during Grassy Terrain, and Psychic during Psychic Terrain."
"268","charge","충전","charge","electric","status","","","20","다음 턴에 쓸 전기타입 기술의 위력을 올린다. 자신의 특수방어도 올라간다.","Raises the user's Special Defense by 1 stage. The user's next Electric-type attack will have its power doubled; the effect ends when the user is no longer active, or after the user attempts to use any Electric-type move besides Charge, even if it is not successful."
"269","taunt","도발","taunt","dark","status","","100","20","상대를 화나게 한다. 3턴 동안 상대는 데미지를 주는 기술밖에 쓸 수 없게 된다.","Prevents the target from using non-damaging moves for its next three turns. Pokemon with the Oblivious Ability or protected by the Aroma Veil Ability are immune."
"270","helping-hand","도우미","helping-hand","normal","status","","","20","동료를 돕는다. 도움받은 포켓몬이 쓰는 기술의 위력은 여느 때보다 커진다.","The power of the target's attack this turn is multiplied by 1.5 (this effect is stackable). Fails if there is no ally adjacent to the user or if the ally already moved this turn, but does not fail if the ally is using a two-turn move."
"271","trick","트릭","trick","psychic","status","","100","10","상대의 빈틈을 노려 자신과 상대가 지닌 물건을 교환한다.","The user swaps its held item with the target's held item. Fails if both the user and the target have no held item, or if the user is trying to give or take a Blue Orb, Red Orb, Adamant Crystal, Lustrous Globe, Griseous Core, Plate, Drive, Memory, Rusted Sword, Rusted Shield, Booster Energy, or Mask to or from a Kyogre, Groudon, Dialga, Palkia, Giratina, Arceus, Genesect, Silvally, Zacian, Zamazenta, Paradox Pokemon, or Ogerpon, respectively. In this case, Paradox Pokemon include every species with the Protosynthesis and Quark Drive Abilities, except Gouging Fire, Raging Bolt, Iron Boulder, and Iron Crown. The target is immune to this move if it has the Sticky Hold Ability."
"272","role-play","역할","role-play","psychic","status","","","10","상대의 역할을 하여 자신도 상대와 같은 특성으로 변화한다.","The user's Ability changes to match the target's Ability. Fails if the user's Ability is As One, Battle Bond, Comatose, Disguise, Gulp Missile, Ice Face, Multitype, Power Construct, RKS System, Schooling, Shields Down, Stance Change, Tera Shift, Zen Mode, Zero to Hero, or already matches the target, or if the target's Ability is As One, Battle Bond, Comatose, Commander, Disguise, Embody Aspect, Flower Gift, Forecast, Hunger Switch, Ice Face, Illusion, Imposter, Multitype, Neutralizing Gas, Poison Puppeteer, Power Construct, Power of Alchemy, Protosynthesis, Quark Drive, Receiver, RKS System, Schooling, Shields Down, Stance Change, Tera Shell, Tera Shift, Teraform Zero, Trace, Wonder Guard, Zen Mode, or Zero to Hero."
"273","wish","희망사항","wish","normal","status","","","10","다음 턴에 자신의 HP를 최대 HP의 절반만큼 회복한다.","At the end of the next turn, the Pokemon at the user's position has 1/2 of the user's maximum HP restored to it, rounded down. Fails if this move is already in effect for the user's position."
"274","assist","조수","assist","normal","status","","","20","서둘러서 같은 편의 도움을 받아 교대 포켓몬이 기억하고 있는 기술 중 하나를 쓴다.","A random move among those known by the user's party members is selected for use. Does not select Assist, Baneful Bunker, Beak Blast, Belch, Bestow, Blazing Torque, Bounce, Celebrate, Chatter, Circle Throw, Combat Torque, Copycat, Counter, Covet, Destiny Bond, Detect, Dig, Dive, Dragon Tail, Endure, Feint, Fly, Focus Punch, Follow Me, Helping Hand, Hold Hands, King's Shield, Magical Torque, Mat Block, Me First, Metronome, Mimic, Mirror Coat, Mirror Move, Nature Power, Noxious Torque, Phantom Force, Protect, Rage Powder, Roar, Shadow Force, Shell Trap, Sketch, Sky Drop, Sleep Talk, Snatch, Spiky Shield, Spotlight, Struggle, Switcheroo, Tera Starstorm, Thief, Transform, Trick, Whirlwind, or Wicked Torque."
"275","ingrain","뿌리박기","ingrain","grass","status","","","20","대지에 뿌리를 박아 매 턴마다 자신의 HP를 회복한다. 뿌리 박고 있으므로 교체할 수 없다.","The user has 1/16 of its maximum HP restored at the end of each turn, but it is prevented from switching out and other Pokemon cannot force the user to switch out. The user can still switch out if it uses Baton Pass, Flip Turn, Parting Shot, Teleport, U-turn, or Volt Switch. If the user leaves the field using Baton Pass, the replacement will remain trapped and still receive the healing effect. During the effect, the user can be hit normally by Ground-type attacks and be affected by Spikes, Toxic Spikes, and Sticky Web, even if the user is a Flying type or has the Levitate Ability."
"276","superpower","엄청난힘","superpower","fighting","physical","120","100","5","엄청난 힘을 발휘하여 상대를 공격한다. 자신의 공격과 방어가 떨어진다.","Lowers the user's Attack and Defense by 1 stage."
"277","magic-coat","매직코트","magic-coat","psychic","status","","","15","상대가 상태 이상이 되는 기술이나 씨뿌리기 등을 썼을 때 되받아친다.","Until the end of the turn, the user is unaffected by certain non-damaging moves directed at it and will instead use such moves against the original user. Moves reflected in this way are unable to be reflected again by this or the Magic Bounce Ability's effect. Spikes, Stealth Rock, Sticky Web, and Toxic Spikes can only be reflected once per side, by the leftmost Pokemon under this or the Magic Bounce Ability's effect. The Lightning Rod and Storm Drain Abilities redirect their respective moves before this move takes effect."
"278","recycle","리사이클","recycle","normal","status","","","10","배틀 중에 사용하여 없어진 자신의 지닌 물건을 재생시켜 사용할 수 있게 한다.","The user regains the item it last used. Fails if the user is holding an item, if the user has not held an item, if the item was a popped Air Balloon, if the item was picked up by a Pokemon with the Pickup Ability, or if the item was lost to Bug Bite, Corrosive Gas, Covet, Incinerate, Knock Off, Pluck, or Thief. Items thrown with Fling can be regained."
"279","revenge","리벤지","revenge","fighting","physical","60","100","10","상대에게 기술을 받으면 그 상대에게 주는 데미지가 2배가 된다.","Power doubles if the user was hit by the target this turn."
"280","brick-break","깨뜨리다","brick-break","fighting","physical","75","100","15","수도로 기세 좋게 내려쳐서 상대를 공격한다. 빛의장막이나 리플렉터도 파괴할 수 있다.","If this attack does not miss, the effects of Reflect, Light Screen, and Aurora Veil end for the target's side of the field before damage is calculated."
"281","yawn","하품","yawn","normal","status","","","10","큰 하품으로 졸음을 유도한다. 다음 턴에 상대를 잠듦 상태로 만든다.","Causes the target to fall asleep at the end of the next turn. Fails when used if the target cannot fall asleep or if it already has a non-volatile status condition. At the end of the next turn, if the target is still active, does not have a non-volatile status condition, and can fall asleep, it falls asleep. If the target becomes affected, this effect cannot be prevented by Safeguard or a substitute, or by falling asleep and waking up during the effect."
"282","knock-off","탁쳐서떨구기","knock-off","dark","physical","65","100","20","상대의 지닌 물건을 탁 쳐서 떨어뜨려 배틀이 끝날 때까지 사용할 수 없게 한다. 물건을 가진 상대에게는 데미지를 더 준다.","This move's power is multiplied by 1.5 if the target is holding an item, and the target loses its held item if the user has not fainted. A target with the Sticky Hold Ability does not lose its held item if it has not fainted. This move does not increase in power or remove the target's item if it is a Blue Orb, Red Orb, Adamant Crystal, Lustrous Globe, Griseous Core, Plate, Drive, Memory, Rusted Sword, Rusted Shield, Booster Energy, or Mask held by a Kyogre, Groudon, Dialga, Palkia, Giratina, Arceus, Genesect, Silvally, Zacian, Zamazenta, Paradox Pokemon, or Ogerpon, respectively, or if the user is one of those species and the target is holding the respective item. In this case, Paradox Pokemon include every species with the Protosynthesis and Quark Drive Abilities, except Gouging Fire, Raging Bolt, Iron Boulder, and Iron Crown. Items lost to this move cannot be regained with Recycle or the Harvest Ability."
"283","endeavor","죽기살기","endeavor","normal","physical","","100","5","상대의 HP가 자신의 HP와 같아지도록 데미지를 준다.","Deals damage to the target equal to (target's current HP - user's current HP). The target is unaffected if its current HP is less than or equal to the user's current HP."
"284","eruption","분화","eruption","fire","special","150","100","5","분노를 폭발시켜 상대를 공격한다. 자신의 HP가 적을수록 기술의 위력이 떨어진다.","Power is equal to (user's current HP * 150 / user's maximum HP), rounded down, but not less than 1."
"285","skill-swap","스킬스왑","skill-swap","psychic","status","","","10","초능력으로 자신의 특성과 상대의 특성을 바꾼다.","The user swaps its Ability with the target's Ability. Fails if either the user or the target's Ability is As One, Battle Bond, Comatose, Commander, Disguise, Embody Aspect, Hunger Switch, Ice Face, Illusion, Multitype, Neutralizing Gas, Poison Puppeteer, Power Construct, Protosynthesis, Quark Drive, RKS System, Schooling, Shields Down, Stance Change, Tera Shell, Tera Shift, Teraform Zero, Wonder Guard, Zen Mode, or Zero to Hero."
"286","imprison","봉인","imprison","psychic","status","","","10","상대가 자신과 같은 기술을 기억하고 있으면 상대만 그 기술을 사용할 수 없게 한다.","The user prevents all opposing Pokemon from using any moves that the user also knows as long as the user remains active."
"287","refresh","리프레시","refresh","normal","status","","","20","몸을 쉬게 하여 자신이 입은 독, 마비, 화상의 상태 이상을 치료한다.","The user cures its burn, poison, or paralysis. Fails if the user is not burned, poisoned, or paralyzed."
"288","grudge","원념","grudge","ghost","status","","","5","상대의 기술로 기절하면 원념을 담아 그 기술의 PP를 0으로 만든다.","Until the user's next turn, if an opposing Pokemon's attack knocks the user out, that move loses all its remaining PP."
"289","snatch","가로채기","snatch","dark","status","","","10","상대가 사용하려고 한 회복 기술이나 능력 변화의 기술을 빼앗아 자신에게 쓴다.","If another Pokemon uses certain non-damaging moves this turn, the user steals that move to use itself. If multiple Pokemon use one of those moves this turn, the applicable moves are all stolen by the first Pokemon in turn order that used this move this turn. This effect is ignored while the user is under the effect of Sky Drop."
"290","secret-power","비밀의힘","secret-power","normal","physical","70","100","20","비밀의 힘으로 상대를 공격한다. 사용 장소에 따라 추가 효과가 변화한다.","Has a 30% chance to cause a secondary effect on the target based on the battle terrain. Causes paralysis on the regular Wi-Fi terrain, causes paralysis during Electric Terrain, lowers Special Attack by 1 stage during Misty Terrain, causes sleep during Grassy Terrain and lowers Speed by 1 stage during Psychic Terrain."
"291","dive","다이빙","dive","water","physical","80","100","10","1턴째에 잠수했다가 2턴째에 떠올라 공격한다.","This attack charges on the first turn and executes on the second. On the first turn, the user avoids all attacks other than Surf and Whirlpool but takes double damage from them, and is also unaffected by weather. If the user is holding a Power Herb, the move completes in one turn."
"292","arm-thrust","손바닥치기","arm-thrust","fighting","physical","15","100","20","펼친 양손으로 상대를 번갈아 쳐서 공격한다. 2-5회 동안 연속으로 쓴다.","Hits two to five times. Has a 35% chance to hit two or three times and a 15% chance to hit four or five times. If one of the hits breaks the target's substitute, it will take damage for the remaining hits. If the user has the Skill Link Ability, this move will always hit five times. If the user is holding Loaded Dice, this move will hit 4-5 times."
"293","camouflage","보호색","camouflage","normal","status","","","20","물가나 풀밭, 동굴 등 있는 장소에 맞춰서 자신의 타입을 바꾼다.","The user's type changes based on the battle terrain. Normal type on the regular Wi-Fi terrain, Electric type during Electric Terrain, Fairy type during Misty Terrain, Grass type during Grassy Terrain, and Psychic type during Psychic Terrain. Fails if the user's type cannot be changed or if the user is already purely that type."
"294","tail-glow","반딧불","tail-glow","bug","status","","","20","깜빡거리는 빛을 바라보고 자신의 정신을 통일하여 특수공격을 매우 크게 올린다.","Raises the user's Special Attack by 3 stages."
"295","luster-purge","러스터퍼지","luster-purge","psychic","special","95","100","5","눈부신 빛을 발산하여 공격한다. 상대의 특수방어를 떨어뜨릴 때가 있다.","Has a 50% chance to lower the target's Special Defense by 1 stage."
"296","mist-ball","미스트볼","mist-ball","psychic","special","95","100","5","안개의 깃털로 둘러싸 공격한다. 상대의 특수공격을 떨어뜨릴 때가 있다.","Has a 50% chance to lower the target's Special Attack by 1 stage."
"297","feather-dance","깃털댄스","feather-dance","flying","status","","100","15","깃털을 흩뿌려 상대의 몸에 휘감는다. 상대의 공격을 크게 떨어뜨린다.","Lowers the target's Attack by 2 stages."
"298","teeter-dance","흔들흔들댄스","teeter-dance","normal","status","","100","20","흔들흔들 댄스를 춰서 주위에 있는 포켓몬을 혼란 상태로 만든다.","Causes the target to become confused."
"299","blaze-kick","블레이즈킥","blaze-kick","fire","physical","85","90","10","공격한 상대를 화상 상태로 만들 때가 있다. 급소에도 맞기 쉽다.","Has a 10% chance to burn the target and a higher chance for a critical hit."
"300","mud-sport","흙놀이","mud-sport","ground","status","","","15","주위를 진흙투성이로 만든다. 5턴 동안 전기타입의 기술을 약하게 한다.","For 5 turns, all Electric-type attacks used by any active Pokemon have their power multiplied by 0.33. Fails if this effect is already active."
"301","ice-ball","아이스볼","ice-ball","ice","physical","30","90","20","5턴 동안 구르기를 반복하여 상대를 공격한다. 기술이 맞을 때마다 위력이 올라간다.","If this move is successful, the user is locked into this move and cannot make another move until it misses, 5 turns have passed, or the attack cannot be used. Power doubles with each successful hit of this move and doubles again if Defense Curl was used previously by the user. If this move is called by Sleep Talk, the move is used for one turn."
"302","needle-arm","바늘팔","needle-arm","grass","physical","60","100","15","바늘팔을 세차게 흔들어 공격한다. 상대를 풀죽게 만들 때가 있다.","Has a 30% chance to make the target flinch."
"303","slack-off","게으름피우기","slack-off","normal","status","","","5","게으름 피우며 쉰다. 자신의 HP를 최대 HP의 절반만큼 회복한다.","The user restores 1/2 of its maximum HP, rounded half up."
"304","hyper-voice","하이퍼보이스","hyper-voice","normal","special","90","100","10","시끄럽게 울려서 큰 진동을 상대에게 전달하여 공격한다.","No additional effect."
"305","poison-fang","맹독엄니","poison-fang","poison","physical","50","100","15","독이 있는 이빨로 상대를 물어서 공격한다. 맹독을 주입할 때가 있다.","Has a 50% chance to badly poison the target."
"306","crush-claw","브레이크클로","crush-claw","normal","physical","75","95","10","단단하고 날카로운 손톱으로 베어 갈라서 공격한다. 상대의 방어를 떨어뜨릴 때가 있다.","Has a 50% chance to lower the target's Defense by 1 stage."
"307","blast-burn","블라스트번","blast-burn","fire","special","150","90","5","폭발하는 불꽃으로 상대를 태워서 공격한다. 다음 턴은 움직일 수 없다.","If this move is successful, the user must recharge on the following turn and cannot select a move."
"308","hydro-cannon","하이드로캐논","hydro-cannon","water","special","150","90","5","물의 대포를 상대에게 발사해서 공격한다. 다음 턴은 움직일 수 없다.","If this move is successful, the user must recharge on the following turn and cannot select a move."
"309","meteor-mash","코멧펀치","meteor-mash","steel","physical","90","90","10","혜성과 같은 펀치를 날려서 상대를 공격한다. 자신의 공격이 올라갈 때가 있다.","Has a 20% chance to raise the user's Attack by 1 stage."
"310","astonish","놀래키기","astonish","ghost","physical","30","100","15","큰 소리 등으로 불시에 놀래켜서 공격한다. 상대를 풀죽게 만들 때가 있다.","Has a 30% chance to make the target flinch."
"311","weather-ball","웨더볼","weather-ball","normal","special","50","100","10","사용했을 때의 날씨에 따라서 기술 타입과 위력이 바뀐다.","Power doubles if a weather condition other than Strong Winds is active, and this move's type changes to match. Ice type during Snow, Water type during Heavy Rain or Rain, Rock type during Sandstorm, and Fire type during Intense Sun or Sun. If the user is holding Utility Umbrella and uses Weather Ball during Heavy Rain, Rain, Intense Sun, or Sun, this move remains Normal type and does not double in power."
"312","aromatherapy","아로마테라피","aromatherapy","grass","status","","","5","기분 좋은 평온한 향기를 맡게 하여 같은 편 모두의 상태 이상을 회복한다.","Every Pokemon in the user's party is cured of its non-volatile status condition. Active Pokemon with the Sap Sipper Ability are not cured, unless they are the user."
"313","fake-tears","거짓울음","fake-tears","dark","status","","100","20","우는 척을 하며 눈물을 흘린다. 난처하게 만들어 상대의 특수방어를 크게 떨어뜨린다.","Lowers the target's Special Defense by 2 stages."
"314","air-cutter","에어커터","air-cutter","flying","special","60","95","25","날카로운 바람으로 상대를 베어 공격한다. 급소에 맞기 쉽다.","Has a higher chance for a critical hit."
"315","overheat","오버히트","overheat","fire","special","130","90","5","풀 파워로 상대를 공격한다. 쓰면 반동으로 자신의 특수공격이 크게 떨어진다.","Lowers the user's Special Attack by 2 stages."
"316","odor-sleuth","냄새구별","odor-sleuth","normal","status","","","40","고스트타입에 효과가 없는 기술이나 회피율이 높은 상대라 할지라도 공격이 맞게 된다.","As long as the target remains active, its evasiveness stat stage is ignored during accuracy checks against it if it is greater than 0, and Normal- and Fighting-type attacks can hit the target if it is a Ghost type. Fails if the target is already affected, or affected by Foresight or Miracle Eye."
"317","rock-tomb","암석봉인","rock-tomb","rock","physical","60","95","15","암석을 내던져서 공격한다. 상대의 움직임을 봉인함으로써 스피드를 떨어뜨린다.","Has a 100% chance to lower the target's Speed by 1 stage."
"318","silver-wind","은빛바람","silver-wind","bug","special","60","100","5","바람에 날개 가루를 날려서 상대를 공격한다. 자신의 모든 능력이 올라갈 때가 있다.","Has a 10% chance to raise the user's Attack, Defense, Special Attack, Special Defense, and Speed by 1 stage."
"319","metal-sound","금속음","metal-sound","steel","status","","85","40","금속을 긁을 때 나는 듯한 싫은 소리를 들려준다. 상대의 특수방어를 크게 떨어뜨린다.","Lowers the target's Special Defense by 2 stages."
"320","grass-whistle","풀피리","grass-whistle","grass","status","","55","15","기분 좋은 피리 소리를 들려주어 상대를 잠듦 상태로 만든다.","Causes the target to fall asleep."
"321","tickle","간지르기","tickle","normal","status","","100","20","몸을 간질여 웃게 만들어서 상대의 공격과 방어를 떨어뜨린다.","Lowers the target's Attack and Defense by 1 stage."
"322","cosmic-power","코스믹파워","cosmic-power","psychic","status","","","20","우주로부터 신비한 힘을 손에 넣음으로써 자신의 방어와 특수방어를 올린다.","Raises the user's Defense and Special Defense by 1 stage."
"323","water-spout","해수스파우팅","water-spout","water","special","150","100","5","바닷물을 내뿜어 공격한다. 자신의 HP가 적을수록 기술의 위력이 떨어진다.","Power is equal to (user's current HP * 150 / user's maximum HP), rounded down, but not less than 1."
"324","signal-beam","시그널빔","signal-beam","bug","special","75","100","15","이상한 빛을 발사해서 공격한다. 상대를 혼란시킬 때가 있다.","Has a 10% chance to confuse the target."
"325","shadow-punch","섀도펀치","shadow-punch","ghost","physical","60","","20","그림자에 섞여 펀치를 날린다. 공격은 반드시 명중한다.","This move does not check accuracy."
"326","extrasensory","신통력","extrasensory","psychic","special","80","100","20","보이지 않는 이상한 힘을 보내어 공격한다. 상대를 풀죽게 만들 때가 있다.","Has a 10% chance to make the target flinch."
"327","sky-uppercut","스카이어퍼","sky-uppercut","fighting","physical","85","90","15","하늘을 향하는 듯한 높은 업퍼로 상대를 밀어올려 공격한다.","This move can hit a target using Bounce, Fly, or Sky Drop, or is under the effect of Sky Drop."
"328","sand-tomb","모래지옥","sand-tomb","ground","physical","35","85","15","세차게 불어대는 모래바람 속에 4-5턴 동안 상대를 가두어 공격한다.","Prevents the target from switching for four or five turns (seven turns if the user is holding Grip Claw). Causes damage to the target equal to 1/8 of its maximum HP (1/6 if the user is holding Binding Band), rounded down, at the end of each turn during effect. The target can still switch out if it is holding Shed Shell or uses Baton Pass, Flip Turn, Parting Shot, Shed Tail, Teleport, U-turn, or Volt Switch. The effect ends if either the user or the target leaves the field, or if the target uses Mortal Spin, Rapid Spin, or Substitute successfully. This effect is not stackable or reset by using this or another binding move."
"329","sheer-cold","절대영도","sheer-cold","ice","special","","30","5","절대영도의 추위로 상대를 공격한다. 맞으면 일격에 기절한다.","Deals damage to the target equal to the target's maximum HP. Ignores accuracy and evasiveness modifiers. This attack's accuracy is equal to (user's level - target's level + X)%, where X is 30 if the user is an Ice type and 20 otherwise, and fails if the target is at a higher level. Ice-type Pokemon and Pokemon with the Sturdy Ability are immune."
"330","muddy-water","탁류","muddy-water","water","special","90","85","10","탁해진 물을 상대에게 발사하여 공격한다. 명중률을 떨어뜨릴 때가 있다.","Has a 30% chance to lower the target's accuracy by 1 stage."
"331","bullet-seed","씨기관총","bullet-seed","grass","physical","25","100","30","씨앗을 기세 좋게 상대에게 발사하여 공격한다. 2-5회 동안 연속으로 쓴다.","Hits two to five times. Has a 35% chance to hit two or three times and a 15% chance to hit four or five times. If one of the hits breaks the target's substitute, it will take damage for the remaining hits. If the user has the Skill Link Ability, this move will always hit five times. If the user is holding Loaded Dice, this move will hit 4-5 times."
"332","aerial-ace","제비반환","aerial-ace","flying","physical","60","","20","재빠른 움직임으로 상대를 농락해 벤다. 공격은 반드시 명중한다.","This move does not check accuracy."
"333","icicle-spear","고드름침","icicle-spear","ice","physical","25","100","30","날카로운 고드름을 상대에게 발사하여 공격한다. 2-5회 동안 연속으로 쓴다.","Hits two to five times. Has a 35% chance to hit two or three times and a 15% chance to hit four or five times. If one of the hits breaks the target's substitute, it will take damage for the remaining hits. If the user has the Skill Link Ability, this move will always hit five times. If the user is holding Loaded Dice, this move will hit 4-5 times."
"334","iron-defense","철벽","iron-defense","steel","status","","","15","피부를 쇠처럼 단단하게 함으로써 자신의 방어를 크게 올린다.","Raises the user's Defense by 2 stages."
"335","block","블록","block","normal","status","","","5","양팔을 벌려 막아서서 상대의 도주로를 가로막아 도망칠 수 없게 한다.","Prevents the target from switching out. The target can still switch out if it is holding Shed Shell or uses Baton Pass, Flip Turn, Parting Shot, Teleport, U-turn, or Volt Switch. The effect ends if either the user or the target leaves the field."
"336","howl","멀리짖기","howl","normal","status","","","40","큰 소리로 짖고 기합을 높여 자신의 공격을 올린다.","Raises the Attack of the user and all allies 1 stage."
"337","dragon-claw","드래곤클로","dragon-claw","dragon","physical","80","100","15","날카롭고 뾰족한 거대한 발톱으로 상대를 베어 갈라서 공격한다.","No additional effect."
"338","frenzy-plant","하드플랜트","frenzy-plant","grass","special","150","90","5","큰 나무로 상대를 힘껏 쳐서 공격한다. 다음 턴은 움직일 수 없게 된다.","If this move is successful, the user must recharge on the following turn and cannot select a move."
"339","bulk-up","벌크업","bulk-up","fighting","status","","","20","몸에 힘을 담아 근육을 두껍게 해서 자신의 공격과 방어를 올린다.","Raises the user's Attack and Defense by 1 stage."
"340","bounce","뛰어오르기","bounce","flying","physical","85","85","5","하늘 높이 뛰어올라 2턴째에 상대를 공격한다. 마비 상태로 만들 때가 있다.","Has a 30% chance to paralyze the target. This attack charges on the first turn and executes on the second. On the first turn, the user avoids all attacks other than Gust, Hurricane, Sky Uppercut, Smack Down, Thousand Arrows, Thunder, and Twister, and Gust and Twister have doubled power when used against it. If the user is holding a Power Herb, the move completes in one turn."
"341","mud-shot","머드샷","mud-shot","ground","special","55","95","15","진흙 덩어리를 상대에게 내던져서 공격한다. 동시에 상대의 스피드를 떨어뜨린다.","Has a 100% chance to lower the target's Speed by 1 stage."
"342","poison-tail","포이즌테일","poison-tail","poison","physical","50","100","25","꼬리로 때린다. 독 상태로 만들 때가 있고 급소에도 맞기 쉽다.","Has a 10% chance to poison the target and a higher chance for a critical hit."
"343","covet","탐내다","covet","normal","physical","60","100","25","귀엽게 애교부리며 상대에게 다가가 지니고 있는 도구를 뺏는다.","If this attack was successful and the user has not fainted, it steals the target's held item if the user is not holding one. A target with the Sticky Hold Ability does not lose its held item if it has not fainted. The target's item is not stolen if it is a Blue Orb, Red Orb, Adamant Crystal, Lustrous Globe, Griseous Core, Plate, Drive, Memory, Rusted Sword, Rusted Shield, Booster Energy, or Mask held by a Kyogre, Groudon, Dialga, Palkia, Giratina, Arceus, Genesect, Silvally, Zacian, Zamazenta, Paradox Pokemon, or Ogerpon, respectively, or if the user is one of those species and the target is holding the respective item. In this case, Paradox Pokemon include every species with the Protosynthesis and Quark Drive Abilities, except Gouging Fire, Raging Bolt, Iron Boulder, and Iron Crown. Items lost to this move cannot be regained with Recycle or the Harvest Ability."
"344","volt-tackle","볼트태클","volt-tackle","electric","physical","120","100","15","전기를 한데 모아 돌진한다. 자신도 상당한 데미지를 입는다. 마비 상태로 만들 때가 있다.","Has a 10% chance to paralyze the target. If the target lost HP, the user takes recoil damage equal to 33% the HP lost by the target, rounded half up, but not less than 1 HP."
"345","magical-leaf","매지컬리프","magical-leaf","grass","special","60","","20","상대를 추적하는 이상한 잎사귀를 흩뿌린다. 공격은 반드시 명중한다.","This move does not check accuracy."
"346","water-sport","물놀이","water-sport","water","status","","","15","주위를 물로 흠뻑 젖게 만든다. 5턴 동안 불꽃타입의 기술을 약하게 한다.","For 5 turns, all Fire-type attacks used by any active Pokemon have their power multiplied by 0.33. Fails if this effect is already active."
"347","calm-mind","명상","calm-mind","psychic","status","","","20","조용히 정신을 통일하고 마음을 가라앉혀서 자신의 특수공격과 특수방어를 올린다.","Raises the user's Special Attack and Special Defense by 1 stage."
"348","leaf-blade","리프블레이드","leaf-blade","grass","physical","90","100","15","잎사귀를 칼처럼 이용해 상대를 베어 공격한다. 급소에 맞기 쉽다.","Has a higher chance for a critical hit."
"349","dragon-dance","용의춤","dragon-dance","dragon","status","","","20","신비롭고 힘센 춤을 격렬하게 춘다. 자신의 공격과 스피드를 올린다.","Raises the user's Attack and Speed by 1 stage."
"350","rock-blast","록블라스트","rock-blast","rock","physical","25","90","10","단단한 암석을 상대에게 발사하여 공격한다. 2-5회 동안 연속으로 쓴다.","Hits two to five times. Has a 35% chance to hit two or three times and a 15% chance to hit four or five times. If one of the hits breaks the target's substitute, it will take damage for the remaining hits. If the user has the Skill Link Ability, this move will always hit five times. If the user is holding Loaded Dice, this move will hit 4-5 times."
"351","shock-wave","전격파","shock-wave","electric","special","60","","20","전격을 재빠르게 상대에게 날린다. 공격은 반드시 명중한다.","This move does not check accuracy."
"352","water-pulse","물의파동","water-pulse","water","special","60","100","20","물의 진동을 상대에게 가하여 공격한다. 상대를 혼란시킬 때가 있다.","Has a 20% chance to confuse the target."
"353","doom-desire","파멸의소원","doom-desire","steel","special","140","100","5","기술을 사용한 2턴 뒤에 무수한 빛의 다발이 상대를 공격한다.","Deals damage two turns after this move is used. At the end of that turn, the damage is calculated at that time and dealt to the Pokemon at the position the target had when the move was used. If the user is no longer active at the time, damage is calculated based on the user's natural Special Attack stat, types, and level, with no boosts from its held item or Ability. Fails if this move or Future Sight is already in effect for the target's position."
"354","psycho-boost","사이코부스트","psycho-boost","psychic","special","140","90","5","풀 파워로 상대를 공격한다. 쓰면 반동으로 자신의 특수공격이 크게 떨어진다.","Lowers the user's Special Attack by 2 stages."
"355","roost","날개쉬기","roost","flying","status","","","5","땅에 내려와 몸을 쉬게 한다. 최대 HP의 절반만큼 HP를 회복한다.","The user restores 1/2 of its maximum HP, rounded half up. If the user is not Terastallized, until the end of the turn Flying-type users lose their Flying type and pure Flying-type users become Normal type. Does nothing if the user's HP is full."
"356","gravity","중력","gravity","psychic","status","","","5","5턴 동안 중력을 강하게 해서 부유나 하늘을 나는 기술을 사용할 수 없게 한다.","For 5 turns, the evasiveness of all active Pokemon is multiplied by 0.6. At the time of use, Bounce, Fly, Magnet Rise, Sky Drop, and Telekinesis end immediately for all active Pokemon. During the effect, Bounce, Fly, Flying Press, High Jump Kick, Jump Kick, Magnet Rise, Sky Drop, Splash, and Telekinesis are prevented from being used by all active Pokemon. Ground-type attacks, Spikes, Toxic Spikes, Sticky Web, and the Arena Trap Ability can affect Flying types or Pokemon with the Levitate Ability. Fails if this move is already in effect."
"357","miracle-eye","미라클아이","miracle-eye","psychic","status","","","40","악타입에 효과가 없는 기술이나 회피율이 높은 상대라 할지라도 공격이 맞게 된다.","As long as the target remains active, its evasiveness stat stage is ignored during accuracy checks against it if it is greater than 0, and Psychic-type attacks can hit the target if it is a Dark type. Fails if the target is already affected, or affected by Foresight or Odor Sleuth."
"358","wake-up-slap","잠깨움뺨치기","wake-up-slap","fighting","physical","70","100","10","잠듦 상태의 상대에게 큰 데미지를 준다. 대신 상대는 잠에서 깬다.","Power doubles if the target is asleep. If the user has not fainted, the target wakes up."
"359","hammer-arm","암해머","hammer-arm","fighting","physical","100","90","10","강하고 무거운 주먹을 휘둘러 데미지를 준다. 자신의 스피드가 떨어진다.","Lowers the user's Speed by 1 stage."
"360","gyro-ball","자이로볼","gyro-ball","steel","physical","","100","5","몸을 고속으로 회전시켜 몸통박치기한다. 상대보다 스피드가 낮을수록 위력은 올라간다.","Power is equal to (25 * target's current Speed / user's current Speed) + 1, rounded down, but not more than 150. If the user's current Speed is 0, this move's power is 1."
"361","healing-wish","치유소원","healing-wish","psychic","status","","","10","자신은 기절하지만 교대하여 나오는 포켓몬의 상태 이상과 HP를 회복한다.","The user faints, and if the Pokemon brought out to replace it does not have full HP or has a non-volatile status condition, its HP is fully restored along with having any non-volatile status condition cured. The replacement is sent out at the end of the turn, and the healing happens before hazards take effect. This effect continues until a Pokemon that meets either of these conditions switches in at the user's position or gets swapped into the position with Ally Switch. Fails if the user is the last unfainted Pokemon in its party."
"362","brine","소금물","brine","water","special","65","100","10","상대가 HP의 절반 정도 상처를 입고 있으면 기술의 위력이 2배가 된다.","Power doubles if the target has less than or equal to half of its maximum HP remaining."
"363","natural-gift","자연의은혜","natural-gift","normal","physical","","100","15","나무열매에서 힘을 얻어 공격한다. 지니게 한 나무열매에 따라 기술의 타입과 위력이 바뀐다.","The type and power of this move depend on the user's held Berry, and the Berry is lost. Fails if the user is not holding a Berry, if the user has the Klutz Ability, or if Embargo or Magic Room is in effect for the user."
"364","feint","페인트","feint","normal","physical","30","100","10","방어나 판별을 하고 있는 상대에게 공격할 수 있다. 방어 효과를 해제시킨다.","If this move is successful, it breaks through the target's Baneful Bunker, Detect, King's Shield, Protect, or Spiky Shield for this turn, allowing other Pokemon to attack the target normally. If the target's side is protected by Crafty Shield, Mat Block, Quick Guard, or Wide Guard, that protection is also broken for this turn and other Pokemon may attack the target's side normally."
"365","pluck","쪼아대기","pluck","flying","physical","60","100","20","부리로 공격한다. 상대가 나무열매를 지니고 있을 때 먹어서 나무열매의 효과를 받을 수 있다.","If this move is successful and the user has not fainted, it steals the target's held Berry if it is holding one and eats it immediately, gaining its effects even if the user's item is being ignored. Items lost to this move cannot be regained with Recycle or the Harvest Ability."
"366","tailwind","순풍","tailwind","flying","status","","","15","세차게 불어대는 바람의 소용돌이를 만들어 4턴 동안 같은 편 모두의 스피드를 올린다.","For 4 turns, the user and its party members have their Speed doubled. Fails if this move is already in effect for the user's side."
"367","acupressure","경혈찌르기","acupressure","normal","status","","","30","경혈을 눌러 몸을 활성화시킨다. 능력 중 하나를 크게 올린다.","Raises a random stat by 2 stages as long as the stat is not already at stage 6. The user can choose to use this move on itself or an adjacent ally. Fails if no stat stage can be raised or if used on an ally with a substitute."
"368","metal-burst","메탈버스트","metal-burst","steel","physical","","100","10","기술을 쓰기 전에 마지막으로 받은 기술의 데미지를 늘려서 기술을 쓴 상대에게 돌려준다.","Deals damage to the last opposing Pokemon to hit the user with a physical or special attack this turn equal to 1.5 times the HP lost by the user from that attack, rounded down. If the user did not lose HP from that attack, this move deals 1 HP of damage instead. If that opposing Pokemon's position is no longer in use and there is another opposing Pokemon on the field, the damage is done to it instead. Only the last hit of a multi-hit attack is counted. Fails if the user was not hit by an opposing Pokemon's physical or special attack this turn."
"369","u-turn","유턴","u-turn","bug","physical","70","100","20","공격한 뒤 굉장한 스피드로 돌아와서 교대 포켓몬과 교체한다.","If this move is successful and the user has not fainted, the user switches out even if it is trapped and is replaced immediately by a selected party member. The user does not switch out if there are no unfainted party members, or if the target switched out using an Eject Button or through the effect of the Emergency Exit or Wimp Out Abilities."
"370","close-combat","인파이트","close-combat","fighting","physical","120","100","5","방어를 포기하고 상대 깊숙이 돌격한다. 자신의 방어와 특수방어가 떨어진다.","Lowers the user's Defense and Special Defense by 1 stage."
"371","payback","보복","payback","dark","physical","50","100","10","모아서 공격한다. 상대보다 뒤에 공격할 수 있으면 기술의 위력은 2배가 된다.","Power doubles if the user moves after the target this turn, including actions taken through Instruct or the Dancer Ability. Switching in does not count as an action."
"372","assurance","승부굳히기","assurance","dark","physical","60","100","10","그 턴에 상대가 이미 데미지를 입었다면 기술의 위력은 2배가 된다.","Power doubles if the target has already taken damage this turn, other than direct damage from Belly Drum, confusion, Curse, or Pain Split."
"373","embargo","금제","embargo","dark","status","","100","15","지니게 한 도구를 쓸 수 없게 한다. 트레이너도 그 포켓몬에게는 도구를 쓸 수 없다.","For 5 turns, the target's held item has no effect. An item's effect of causing forme changes is unaffected, but any other effects from such items are negated. During the effect, Fling and Natural Gift are prevented from being used by the target. Items thrown at the target with Fling will still activate for it. If the target uses Baton Pass, the replacement will remain unable to use items."
"374","fling","내던지기","fling","dark","physical","","100","10","지니게 한 도구를 재빠르게 내던져서 공격한다. 도구에 따라 위력과 효과가 바뀐다.","The power of this move is based on the user's held item. The held item is lost and it activates for the target if applicable. If there is no target or the target avoids this move by protecting itself, the user's held item is still lost. The user can regain a thrown item with Recycle or the Harvest Ability. Fails if the user has no held item, if the held item cannot be thrown, if the user is under the effect of Embargo or Magic Room, or if the user has the Klutz Ability."
"375","psycho-shift","사이코시프트","psycho-shift","psychic","status","","100","10","초능력으로 암시를 걸어서 자신에게 걸려 있는 상태 이상을 상대에게 옮긴다.","The user's non-volatile status condition is transferred to the target, and the user is then cured. Fails if the user has no non-volatile status condition or if the target already has one."
"376","trump-card","마지막수단","trump-card","normal","special","","","5","마지막수단의 남은 PP가 적으면 적을수록 기술의 위력이 올라간다.","The power of this move is based on the amount of PP remaining after normal PP reduction and the Pressure Ability resolve. 200 power for 0 PP, 80 power for 1 PP, 60 power for 2 PP, 50 power for 3 PP, and 40 power for 4 or more PP."
"377","heal-block","회복봉인","heal-block","psychic","status","","100","15","5턴 동안 기술이나 특성, 지니고 있는 도구에 의한 HP 회복을 할 수 없게 한다.","For 5 turns, the target is prevented from restoring any HP as long as it remains active. During the effect, healing and draining moves are unusable, and Abilities and items that grant healing will not heal the user. If an affected Pokemon uses Baton Pass, the replacement will remain unable to restore its HP. Pain Split and the Regenerator Ability are unaffected."
"378","wring-out","쥐어짜기","wring-out","normal","special","","100","5","강하게 조여 공격을 한다. 상대의 HP가 많이 남아 있을수록 위력이 올라간다.","Power is equal to 120 * (target's current HP / target's maximum HP), rounded half down, but not less than 1."
"379","power-trick","파워트릭","power-trick","psychic","status","","","10","초능력으로 자신의 공격과 방어의 힘을 교환한다.","The user swaps its Attack and Defense stats, and stat stage changes remain on their respective stats. This move can be used again to swap the stats back. If the user uses Baton Pass, the replacement will have its Attack and Defense stats swapped if the effect is active. If the user has its stats recalculated by changing forme while its stats are swapped, this effect is ignored but is still active for the purposes of Baton Pass."
"380","gastro-acid","위액","gastro-acid","poison","status","","100","10","상대의 몸에 위액을 내뱉는다. 달라붙은 위액은 상대의 특성 효과를 지운다.","Causes the target's Ability to be rendered ineffective as long as it remains active. If the target uses Baton Pass, the replacement will remain under this effect. If the target's Ability is As One, Battle Bond, Comatose, Disguise, Gulp Missile, Ice Face, Multitype, Power Construct, RKS System, Schooling, Shields Down, Stance Change, Tera Shift, Zen Mode, or Zero to Hero, this move fails, and receiving the effect through Baton Pass ends the effect immediately."
"381","lucky-chant","주술","lucky-chant","normal","status","","","30","하늘을 향해 기도를 올려 상대의 공격을 급소에 맞지 않게 한다.","For 5 turns, the user and its party members cannot be struck by a critical hit. Fails if the effect is already active on the user's side."
"382","me-first","선취","me-first","normal","status","","","20","위력을 올려 상대가 쓰려고 하는 기술을 먼저 쓴다. 먼저 쓰지 않으면 실패한다.","The user uses the move the target chose for use this turn against it, if possible, with its power multiplied by 1.5. The move must be a damaging move other than Beak Blast, Belch, Blazing Torque, Combat Torque, Comeuppance, Counter, Covet, Focus Punch, Magical Torque, Me First, Metal Burst, Mirror Coat, Noxious Torque, Shell Trap, Struggle, Thief, or Wicked Torque. Fails if the target moves before the user. Ignores the target's substitute for the purpose of copying the move."
"383","copycat","흉내쟁이","copycat","normal","status","","","20","직전에 나온 기술을 흉내 내어 같은 기술을 쓴다. 기술이 나오지 않았으면 실패한다.","The user uses the last move used by any Pokemon, including itself. Fails if no move has been used, or if the last move used was Assist, Baneful Bunker, Beak Blast, Behemoth Bash, Behemoth Blade, Belch, Bestow, Blazing Torque, Celebrate, Chatter, Circle Throw, Combat Torque, Copycat, Counter, Covet, Destiny Bond, Detect, Dragon Tail, Dynamax Cannon, Endure, Feint, Focus Punch, Follow Me, Helping Hand, Hold Hands, King's Shield, Magical Torque, Mat Block, Me First, Metronome, Mimic, Mirror Move, Nature Power, Noxious Torque, Protect, Rage Powder, Roar, Shell Trap, Sketch, Sleep Talk, Snatch, Spiky Shield, Spotlight, Struggle, Switcheroo, Tera Starstorm, Thief, Transform, Trick, Whirlwind, or Wicked Torque."
"384","power-swap","파워스왑","power-swap","psychic","status","","","10","초능력으로 자신과 상대의 공격과 특수공격의 능력 변화를 교체한다.","The user swaps its Attack and Special Attack stat stage changes with the target."
"385","guard-swap","가드스왑","guard-swap","psychic","status","","","10","초능력으로 자신과 상대의 방어와 특수방어의 능력 변화를 교체한다.","The user swaps its Defense and Special Defense stat stage changes with the target."
"386","punishment","혼내기","punishment","dark","physical","","100","5","능력 변화로 상대가 파워업한 만큼 기술의 위력이 올라간다.","Power is equal to 60+(X*20), where X is the target's total stat stage changes that are greater than 0, but not more than 200 power."
"387","last-resort","비장의무기","last-resort","normal","physical","140","100","5","배틀 중에 기억하고 있는 기술을 모두 사용하면 그때부터 쓸 수 있는 필살기이다.","This move fails unless the user knows this move and at least one other move, and has used all the other moves it knows at least once each since it became active or Transformed."
"388","worry-seed","고민씨","worry-seed","grass","status","","100","10","마음을 괴롭히는 씨앗을 심는다. 상대를 잠잘 수 없게 해서 특성을 불면으로 만든다.","Causes the target's Ability to become Insomnia. Fails if the target's Ability is As One, Battle Bond, Comatose, Disguise, Gulp Missile, Ice Face, Insomnia, Multitype, Power Construct, RKS System, Schooling, Shields Down, Stance Change, Tera Shift, Truant, Zen Mode, or Zero to Hero."
"389","sucker-punch","기습","sucker-punch","dark","physical","70","100","5","상대보다 먼저 공격할 수 있다. 상대가 쓴 기술이 공격기술이 아니면 실패한다.","Fails if the target did not select a physical attack, special attack, or Me First for use this turn, or if the target moves before the user."
"390","toxic-spikes","독압정","toxic-spikes","poison","status","","","20","상대의 발밑에 독압정을 뿌린다. 교체로 나온 상대 포켓몬에 독을 덮어씌운다.","Sets up a hazard on the opposing side of the field, poisoning each opposing Pokemon that switches in, unless it is a Flying-type Pokemon or has the Levitate Ability. Can be used up to two times before failing. Opposing Pokemon become poisoned with one layer and badly poisoned with two layers. Can be removed from the opposing side if any Pokemon uses Tidy Up, or if any opposing Pokemon uses Mortal Spin, Rapid Spin, or Defog successfully, is hit by Defog, or a grounded Poison-type Pokemon switches in. Safeguard prevents the opposing party from being poisoned on switch-in, but a substitute does not."
"391","heart-swap","하트스왑","heart-swap","psychic","status","","","10","초능력으로 자신과 상대에 걸려있는 능력 변화를 교체한다.","The user swaps all its stat stage changes with the target."
"392","aqua-ring","아쿠아링","aqua-ring","water","status","","","20","자신의 몸 주변을 물로 만든 베일로 덮는다. 매 턴 HP를 회복한다.","The user has 1/16 of its maximum HP, rounded down, restored at the end of each turn while it remains active. If Big Root is held by the user, the HP recovered is 1.3x normal, rounded half down. If the user uses Baton Pass, the replacement will receive the healing effect."
"393","magnet-rise","전자부유","magnet-rise","electric","status","","","10","전기로 만든 자력의 힘으로 허공에 뜬다. 5턴 동안 부유할 수 있다.","For 5 turns, the user is immune to Ground-type attacks and the effects of Spikes, Toxic Spikes, Sticky Web, and the Arena Trap Ability as long as it remains active. If the user uses Baton Pass, the replacement will gain the effect. Ingrain, Smack Down, Thousand Arrows, and Iron Ball override this move if the user is under any of their effects. Fails if the user is already under this effect or the effects of Ingrain, Smack Down, or Thousand Arrows."
"394","flare-blitz","플레어드라이브","flare-blitz","fire","physical","120","100","15","불꽃을 두르고 돌진한다. 자신도 상당한 데미지를 입는다. 화상 상태로 만들 때가 있다.","Has a 10% chance to burn the target. If the target lost HP, the user takes recoil damage equal to 33% the HP lost by the target, rounded half up, but not less than 1 HP."
"395","force-palm","발경","force-palm","fighting","physical","60","100","10","상대의 몸에 충격파를 부딪쳐 공격한다. 마비 상태로 만들 때가 있다.","Has a 30% chance to paralyze the target."
"396","aura-sphere","파동탄","aura-sphere","fighting","special","80","","20","몸속에서 파동의 힘을 끌어내 쏜다. 공격은 반드시 명중한다.","This move does not check accuracy."
"397","rock-polish","록커트","rock-polish","rock","status","","","20","자신의 몸을 갈아 공기의 저항을 적게 한다. 스피드를 크게 올릴 수 있다.","Raises the user's Speed by 2 stages."
"398","poison-jab","독찌르기","poison-jab","poison","physical","80","100","20","독에 물든 촉수나 팔로 상대를 꿰찌른다. 독 상태로 만들 때가 있다.","Has a 30% chance to poison the target."
"399","dark-pulse","악의파동","dark-pulse","dark","special","80","100","15","몸에서 악의로 가득한 무서운 오라를 발한다. 상대를 풀죽게 만들 때가 있다.","Has a 20% chance to make the target flinch."
"400","night-slash","깜짝베기","night-slash","dark","physical","70","100","15","순간적으로 틈을 노려 상대를 베어 버린다. 급소에 맞기 쉽다.","Has a higher chance for a critical hit."
"401","aqua-tail","아쿠아테일","aqua-tail","water","physical","90","90","10","세차게 날뛰는 거친 파도와 같이 큰 꼬리를 흔들어서 상대를 공격한다.","No additional effect."
"402","seed-bomb","씨폭탄","seed-bomb","grass","physical","80","100","15","단단한 껍질을 가지고 있는 큰 씨앗을 힘껏 내던져 상대를 공격한다.","No additional effect."
"403","air-slash","에어슬래시","air-slash","flying","special","75","95","15","하늘까지 베어 가르는 공기의 칼날로 공격한다. 상대를 풀죽게 만들 때가 있다.","Has a 30% chance to make the target flinch."
"404","x-scissor","시저크로스","x-scissor","bug","physical","80","100","15","낫이나 발톱을 가위처럼 교차시키면서 상대를 베어 가른다.","No additional effect."
"405","bug-buzz","벌레의야단법석","bug-buzz","bug","special","90","100","10","날개의 진동으로 음파를 일으켜서 공격한다. 상대의 특수방어를 떨어뜨릴 때가 있다.","Has a 10% chance to lower the target's Special Defense by 1 stage."
"406","dragon-pulse","용의파동","dragon-pulse","dragon","special","85","100","10","큰 입으로 충격파를 일으켜서 상대를 공격한다.","No additional effect."
"407","dragon-rush","드래곤다이브","dragon-rush","dragon","physical","100","75","10","굉장한 살기로 위압하면서 몸통박치기한다. 상대를 풀죽게 만들 때가 있다.","Has a 20% chance to make the target flinch. Damage doubles and no accuracy check is done if the target has used Minimize while active."
"408","power-gem","파워젬","power-gem","rock","special","80","100","20","보석처럼 반짝이는 빛을 발사하여 상대를 공격한다.","No additional effect."
"409","drain-punch","드레인펀치","drain-punch","fighting","physical","75","100","10","주먹으로 상대의 힘을 흡수한다. 입힌 데미지의 절반에 해당하는 HP를 회복할 수 있다.","The user recovers 1/2 the HP lost by the target, rounded half up. If Big Root is held by the user, the HP recovered is 1.3x normal, rounded half down."
"410","vacuum-wave","진공파","vacuum-wave","fighting","special","40","100","30","주먹을 흔들어 진공의 파도를 일으킨다. 반드시 선제공격을 할 수 있다.","No additional effect."
"411","focus-blast","기합구슬","focus-blast","fighting","special","120","70","5","기합을 높여서 혼신의 힘을 방출한다. 상대의 특수방어를 떨어뜨릴 때가 있다.","Has a 10% chance to lower the target's Special Defense by 1 stage."
"412","energy-ball","에너지볼","energy-ball","grass","special","90","100","10","자연으로부터 모은 생명의 힘을 발사한다. 상대의 특수방어를 떨어뜨릴 때가 있다.","Has a 10% chance to lower the target's Special Defense by 1 stage."
"413","brave-bird","브레이브버드","brave-bird","flying","physical","120","100","15","날개를 접어 저공비행으로 돌격한다. 자신도 상당한 데미지를 입는다.","If the target lost HP, the user takes recoil damage equal to 33% the HP lost by the target, rounded half up, but not less than 1 HP."
"414","earth-power","대지의힘","earth-power","ground","special","90","100","10","상대의 발밑에 대지의 힘을 방출한다. 상대의 특수방어를 떨어뜨릴 때가 있다.","Has a 10% chance to lower the target's Special Defense by 1 stage."
"415","switcheroo","바꿔치기","switcheroo","dark","status","","100","10","눈에 보이지 않는 속도로 자신과 상대가 지닌 물건을 교환한다.","The user swaps its held item with the target's held item. Fails if both the user and the target have no held item, or if the user is trying to give or take a Blue Orb, Red Orb, Adamant Crystal, Lustrous Globe, Griseous Core, Plate, Drive, Memory, Rusted Sword, Rusted Shield, Booster Energy, or Mask to or from a Kyogre, Groudon, Dialga, Palkia, Giratina, Arceus, Genesect, Silvally, Zacian, Zamazenta, Paradox Pokemon, or Ogerpon, respectively. In this case, Paradox Pokemon include every species with the Protosynthesis and Quark Drive Abilities, except Gouging Fire, Raging Bolt, Iron Boulder, and Iron Crown. The target is immune to this move if it has the Sticky Hold Ability."
"416","giga-impact","기가임팩트","giga-impact","normal","physical","150","90","5","가진 힘을 모두 사용해서 상대에게 돌격한다. 다음 턴은 움직일 수 없다.","If this move is successful, the user must recharge on the following turn and cannot select a move."
"417","nasty-plot","나쁜음모","nasty-plot","dark","status","","","20","나쁜 일을 생각해서 머리를 활성화시킨다. 자신의 특수공격을 크게 올린다.","Raises the user's Special Attack by 2 stages."
"418","bullet-punch","불릿펀치","bullet-punch","steel","physical","40","100","30","탄환처럼 빠르고 단단한 펀치를 상대에게 날린다. 반드시 선제공격을 할 수 있다.","No additional effect."
"419","avalanche","눈사태","avalanche","ice","physical","60","100","10","상대로부터 기술을 받으면 그 상대에 대해서 기술의 위력이 2배가 된다.","Power doubles if the user was hit by the target this turn."
"420","ice-shard","얼음뭉치","ice-shard","ice","physical","40","100","30","얼음 덩어리를 순식간에 만들어 상대에게 빠르게 쏜다. 반드시 선제공격을 할 수 있다.","No additional effect."
"421","shadow-claw","섀도클로","shadow-claw","ghost","physical","70","100","15","그림자로 만든 날카로운 발톱으로 상대를 베어 가른다. 급소에 맞기 쉽다.","Has a higher chance for a critical hit."
"422","thunder-fang","번개엄니","thunder-fang","electric","physical","65","95","15","전기를 모은 이빨로 문다. 상대를 풀죽게 하거나 마비 상태로 만들 때가 있다.","Has a 10% chance to paralyze the target and a 10% chance to make it flinch."
"423","ice-fang","얼음엄니","ice-fang","ice","physical","65","95","15","냉기를 품은 이빨로 문다. 상대를 풀죽게 하거나 얼음 상태로 만들 때가 있다.","Has a 10% chance to freeze the target and a 10% chance to make it flinch."
"424","fire-fang","불꽃엄니","fire-fang","fire","physical","65","95","15","불꽃을 두른 이빨로 문다. 상대를 풀죽게 하거나 화상 상태로 만들 때가 있다.","Has a 10% chance to burn the target and a 10% chance to make it flinch."
"425","shadow-sneak","야습","shadow-sneak","ghost","physical","40","100","30","그림자를 늘려 상대의 배후에서 공격한다. 반드시 선제공격할 수 있다.","No additional effect."
"426","mud-bomb","진흙폭탄","mud-bomb","ground","special","65","85","10","단단한 진흙구슬을 상대에게 발사하여 공격한다. 명중률을 떨어뜨릴 때가 있다.","Has a 30% chance to lower the target's accuracy by 1 stage."
"427","psycho-cut","사이코커터","psycho-cut","psychic","physical","70","100","20","실체화시킨 마음의 칼날로 상대를 베어 가른다. 급소에 맞기 쉽다.","Has a higher chance for a critical hit."
"428","zen-headbutt","사념의박치기","zen-headbutt","psychic","physical","80","90","15","사념의 힘을 이마에 모아서 공격한다. 상대를 풀죽게 만들 때가 있다.","Has a 20% chance to make the target flinch."
"429","mirror-shot","미러샷","mirror-shot","steel","special","65","85","10","갈고 닦은 몸에서 섬광의 힘을 상대에게 쏜다. 명중률을 떨어뜨릴 때가 있다.","Has a 30% chance to lower the target's accuracy by 1 stage."
"430","flash-cannon","러스터캐논","flash-cannon","steel","special","80","100","10","몸의 빛을 한곳에 모아서 힘을 쏜다. 상대의 특수방어를 떨어뜨릴 때가 있다.","Has a 10% chance to lower the target's Special Defense by 1 stage."
"431","rock-climb","록클라임","rock-climb","normal","physical","90","85","20","굉장한 기세로 상대에게 돌진하여 공격한다. 상대를 혼란시킬 때가 있다.","Has a 20% chance to confuse the target."
"432","defog","안개제거","defog","flying","status","","","15","강한 바람으로 상대의 리플렉터나 빛의장막 등을 제거한다. 회피율도 떨어뜨린다.","Lowers the target's evasiveness by 1 stage. If this move is successful and whether or not the target's evasiveness was affected, the effects of Reflect, Light Screen, Aurora Veil, Safeguard, Mist, Spikes, Toxic Spikes, Stealth Rock, and Sticky Web end for the target's side, and the effects of Spikes, Toxic Spikes, Stealth Rock, and Sticky Web end for the user's side. Ignores a target's substitute, although a substitute will still block the lowering of evasiveness. If there is a terrain active and this move is successful, the terrain will be cleared."
"433","trick-room","트릭룸","trick-room","psychic","status","","","5","이상한 공간을 만든다. 5턴 동안 느린 포켓몬부터 행동할 수 있다.","For 5 turns, the Speed of every Pokemon is recalculated for the purposes of determining turn order. During the effect, each Pokemon's Speed is considered to be (10000 - its normal Speed), and if this value is greater than 8191, 8192 is subtracted from it. If this move is used during the effect, the effect ends."
"434","draco-meteor","용성군","draco-meteor","dragon","special","130","90","5","천공에서 운석을 상대에게 떨어뜨린다. 사용하면 반동으로 자신의 특수공격이 크게 떨어진다.","Lowers the user's Special Attack by 2 stages."
"435","discharge","방전","discharge","electric","special","80","100","15","눈부신 전격으로 자신의 주위에 있는 포켓몬을 공격한다. 마비 상태로 만들 때가 있다.","Has a 30% chance to paralyze the target."
"436","lava-plume","분연","lava-plume","fire","special","80","100","15","새빨간 불꽃으로 자신의 주위에 있는 포켓몬을 공격한다. 화상 상태로 만들 때가 있다.","Has a 30% chance to burn the target."
"437","leaf-storm","리프스톰","leaf-storm","grass","special","130","90","5","뾰족한 잎사귀로 상대에게 바람을 일으킨다. 사용하면 반동으로 자신의 특수공격이 크게 떨어진다.","Lowers the user's Special Attack by 2 stages."
"438","power-whip","파워휩","power-whip","grass","physical","120","85","10","덩굴이나 촉수를 세차게 흔들어 상대를 힘껏 쳐서 공격한다.","No additional effect."
"439","rock-wrecker","암석포","rock-wrecker","rock","physical","150","90","5","거대한 바위를 상대에게 발사하여 공격한다. 다음 턴은 움직일 수 없게 된다.","If this move is successful, the user must recharge on the following turn and cannot select a move."
"440","cross-poison","크로스포이즌","cross-poison","poison","physical","70","100","20","독 칼날로 상대를 베어 가른다. 독 상태로 만들 때가 있고 급소에도 맞기 쉽다.","Has a 10% chance to poison the target and a higher chance for a critical hit."
"441","gunk-shot","더스트슈트","gunk-shot","poison","physical","120","80","5","더러운 쓰레기를 상대에게 부딪쳐서 공격한다. 독 상태로 만들 때가 있다.","Has a 30% chance to poison the target."
"442","iron-head","아이언헤드","iron-head","steel","physical","80","100","15","강철과 같은 단단한 머리로 공격한다. 상대를 풀죽게 만들 때가 있다.","Has a 30% chance to make the target flinch."
"443","magnet-bomb","마그넷봄","magnet-bomb","steel","physical","60","","20","상대에게 달라붙는 강철의 폭탄을 발사한다. 공격은 반드시 명중한다.","This move does not check accuracy."
"444","stone-edge","스톤에지","stone-edge","rock","physical","100","80","5","뾰족한 바위를 상대에게 꿰찔러서 공격한다. 급소에 맞기 쉽다.","Has a higher chance for a critical hit."
"445","captivate","유혹","captivate","normal","status","","100","20","수컷은 암컷을 암컷은 수컷을 유혹하여 상대의 특수공격을 크게 떨어뜨린다.","Lowers the target's Special Attack by 2 stages. The target is unaffected if both the user and the target are the same gender, or if either is genderless. Pokemon with the Oblivious Ability are immune."
"446","stealth-rock","스텔스록","stealth-rock","rock","status","","","20","상대의 주위에 무수한 바위를 띄워 교체해서 나온 상대 포켓몬에게 데미지를 준다.","Sets up a hazard on the opposing side of the field, damaging each opposing Pokemon that switches in. Fails if the effect is already active on the opposing side. Foes lose 1/32, 1/16, 1/8, 1/4, or 1/2 of their maximum HP, rounded down, based on their weakness to the Rock type; 0.25x, 0.5x, neutral, 2x, or 4x, respectively. Can be removed from the opposing side if any Pokemon uses Tidy Up, or if any opposing Pokemon uses Mortal Spin, Rapid Spin, or Defog successfully, or is hit by Defog."
"447","grass-knot","풀묶기","grass-knot","grass","special","","100","20","풀을 휘감아서 상대를 쓰러뜨린다. 상대가 무거울수록 위력이 올라간다.","This move's power is 20 if the target weighs less than 10 kg, 40 if less than 25 kg, 60 if less than 50 kg, 80 if less than 100 kg, 100 if less than 200 kg, and 120 if greater than or equal to 200 kg."
"448","chatter","수다","chatter","flying","special","65","100","20","기억한 말로 음파를 일으켜서 공격한다. 상대를 혼란시킨다.","Has a 100% chance to confuse the target."
"449","judgment","심판의뭉치","judgment","normal","special","100","100","10","무수한 광탄을 상대에게 방출한다. 자신이 가지고 있는 플레이트에 따라 타입이 바뀐다.","This move's type depends on the user's held Plate."
"450","bug-bite","벌레먹기","bug-bite","bug","physical","60","100","20","물어서 공격한다. 상대가 나무열매를 지니고 있을 때 먹어서 나무열매의 효과를 받을 수 있다.","If this move is successful and the user has not fainted, it steals the target's held Berry if it is holding one and eats it immediately, gaining its effects even if the user's item is being ignored. Items lost to this move cannot be regained with Recycle or the Harvest Ability."
"451","charge-beam","차지빔","charge-beam","electric","special","50","90","10","전격의 다발을 상대에게 발사한다. 전기를 모아서 자신의 특수공격을 올릴 때가 있다.","Has a 70% chance to raise the user's Special Attack by 1 stage."
"452","wood-hammer","우드해머","wood-hammer","grass","physical","120","100","15","단단한 몸통을 상대에게 부딪쳐서 공격한다. 자신도 상당한 데미지를 입는다.","If the target lost HP, the user takes recoil damage equal to 33% the HP lost by the target, rounded half up, but not less than 1 HP."
"453","aqua-jet","아쿠아제트","aqua-jet","water","physical","40","100","20","눈에 보이지 않는 굉장한 속도로 상대에게 돌진한다. 반드시 선제공격할 수 있다.","No additional effect."
"454","attack-order","공격지령","attack-order","bug","physical","90","100","15","부하를 불러내어 상대를 향해서 공격시킨다. 급소에 맞기 쉽다.","Has a higher chance for a critical hit."
"455","defend-order","방어지령","defend-order","bug","status","","","10","부하를 불러내어 자신의 몸을 뒤덮게 한다. 방어와 특수방어를 올릴 수 있다.","Raises the user's Defense and Special Defense by 1 stage."
"456","heal-order","회복지령","heal-order","bug","status","","","10","부하를 불러내어 상처를 회복한다. 최대 HP의 절반만큼 자신의 HP를 회복한다.","The user restores 1/2 of its maximum HP, rounded half up."
"457","head-smash","양날박치기","head-smash","rock","physical","150","80","5","목숨을 걸고 혼신의 힘으로 상대에게 박치기를 한다. 자신도 굉장한 데미지를 입는다.","If the target lost HP, the user takes recoil damage equal to 1/2 the HP lost by the target, rounded half up, but not less than 1 HP."
"458","double-hit","더블어택","double-hit","normal","physical","35","90","10","꼬리 등을 써서 상대를 때려 공격한다. 2회 연속으로 데미지를 준다.","Hits twice. If the first hit breaks the target's substitute, it will take damage for the second hit."
"459","roar-of-time","시간의포효","roar-of-time","dragon","special","150","90","5","시간이 뒤틀릴 정도의 힘을 사용해서 상대를 공격한다. 다음 턴은 움직일 수 없다.","If this move is successful, the user must recharge on the following turn and cannot select a move."
"460","spacial-rend","공간절단","spacial-rend","dragon","special","100","95","5","주위의 공간과 더불어 상대를 찢어서 데미지를 준다. 급소에 맞기 쉽다.","Has a higher chance for a critical hit."
"461","lunar-dance","초승달춤","lunar-dance","psychic","status","","","10","자신은 기절하지만 교대하여 나오는 포켓몬의 모든 상태를 회복한다.","The user faints, and if the Pokemon brought out to replace it does not have full HP or PP, or has a non-volatile status condition, its HP and PP are fully restored along with having any non-volatile status condition cured. The replacement is sent out at the end of the turn, and the healing happens before hazards take effect. This effect continues until a Pokemon that meets any of these conditions switches in at the user's position or gets swapped into the position with Ally Switch. Fails if the user is the last unfainted Pokemon in its party."
"462","crush-grip","묵사발","crush-grip","normal","physical","","100","5","굉장한 힘으로 상대를 묵사발로 만든다. 상대의 HP가 남아 있을수록 위력이 올라간다.","Power is equal to 120 * (target's current HP / target's maximum HP), rounded half down, but not less than 1."
"463","magma-storm","마그마스톰","magma-storm","fire","special","100","75","5","세차게 타오르는 불꽃 속에 4-5턴 동안 상대를 가두어 공격한다.","Prevents the target from switching for four or five turns (seven turns if the user is holding Grip Claw). Causes damage to the target equal to 1/8 of its maximum HP (1/6 if the user is holding Binding Band), rounded down, at the end of each turn during effect. The target can still switch out if it is holding Shed Shell or uses Baton Pass, Flip Turn, Parting Shot, Shed Tail, Teleport, U-turn, or Volt Switch. The effect ends if either the user or the target leaves the field, or if the target uses Mortal Spin, Rapid Spin, or Substitute successfully. This effect is not stackable or reset by using this or another binding move."
"464","dark-void","다크홀","dark-void","dark","status","","50","10","암흑의 세계로 끌고 가서 떨어뜨려 상대를 잠듦 상태로 만든다.","Causes the target to fall asleep. This move cannot be used successfully unless the user's current form, while considering Transform, is Darkrai."
"465","seed-flare","시드플레어","seed-flare","grass","special","120","85","5","몸속에서 충격파를 발생시킨다. 상대의 특수방어를 크게 떨어뜨릴 때가 있다.","Has a 40% chance to lower the target's Special Defense by 2 stages."
"466","ominous-wind","괴상한바람","ominous-wind","ghost","special","60","100","5","소름이 끼칠 만한 돌풍으로 상대를 공격한다. 자신의 모든 능력이 올라갈 때가 있다.","Has a 10% chance to raise the user's Attack, Defense, Special Attack, Special Defense, and Speed by 1 stage."
"467","shadow-force","섀도다이브","shadow-force","ghost","physical","120","100","5","1턴째에 모습을 감춰 2턴째에 상대를 공격한다. 방어하고 있어도 공격은 맞는다.","If this move is successful, it breaks through the target's Baneful Bunker, Detect, King's Shield, Protect, or Spiky Shield for this turn, allowing other Pokemon to attack the target normally. If the target's side is protected by Crafty Shield, Mat Block, Quick Guard, or Wide Guard, that protection is also broken for this turn and other Pokemon may attack the target's side normally. This attack charges on the first turn and executes on the second. On the first turn, the user avoids all attacks. If the user is holding a Power Herb, the move completes in one turn."
"468","hone-claws","손톱갈기","hone-claws","dark","status","","","15","손톱을 갈아 날카롭게 한다. 자신의 공격과 명중률을 올린다.","Raises the user's Attack and accuracy by 1 stage."
"469","wide-guard","와이드가드","wide-guard","rock","status","","","10","같은 편 전원에게 향하는 공격을 1턴 동안 막는다. ","The user and its party members are protected from moves made by other Pokemon, including allies, during this turn that target all adjacent foes or all adjacent Pokemon. This move modifies the same 1/X chance of being successful used by other protection moves, where X starts at 1 and triples each time this move is successfully used, but does not use the chance to check for failure. X resets to 1 if this move fails, if the user's last move used is not Baneful Bunker, Burning Bulwark, Detect, Endure, King's Shield, Max Guard, Obstruct, Protect, Quick Guard, Silk Trap, Spiky Shield, or Wide Guard, or if it was one of those moves and the user's protection was broken. Fails if the user moves last this turn or if this move is already in effect for the user's side."
"470","guard-split","가드셰어","guard-split","psychic","status","","","10","초능력으로 자신과 상대의 방어와 특수방어를 더해서 반으로 나눈다.","The user and the target have their Defense and Special Defense stats set to be equal to the average of the user and the target's Defense and Special Defense stats, respectively, rounded down. Stat stage changes are unaffected."
"471","power-split","파워셰어","power-split","psychic","status","","","10","초능력으로 자신과 상대의 공격과 특수공격을 더해서 반으로 나눈다.","The user and the target have their Attack and Special Attack stats set to be equal to the average of the user and the target's Attack and Special Attack stats, respectively, rounded down. Stat stage changes are unaffected."
"472","wonder-room","원더룸","wonder-room","psychic","status","","","10","이상한 공간을 만든다. 5턴 동안 모든 포켓몬의 방어와 특수방어가 바뀐다.","For 5 turns, all active Pokemon have their Defense and Special Defense stats swapped. Stat stage changes are unaffected. If this move is used during the effect, the effect ends."
"473","psyshock","사이코쇼크","psyshock","psychic","special","80","100","10","이상한 염력파를 실체화하여 상대를 공격한다. 물리적인 데미지를 준다.","Deals damage to the target based on its Defense instead of Special Defense."
"474","venoshock","베놈쇼크","venoshock","poison","special","65","100","10","특수한 독액을 끼얹는다. 독 상태의 상대에게는 위력이 2배가 된다.","Power doubles if the target is poisoned."
"475","autotomize","바디퍼지","autotomize","steel","status","","","15","몸의 쓸모없는 부분을 깎는다. 자신의 스피드를 크게 올리고 체중도 가벼워진다.","Raises the user's Speed by 2 stages. If the user's Speed was changed, the user's weight is reduced by 100 kg as long as it remains active. This effect is stackable but cannot reduce the user's weight to less than 0.1 kg."
"476","rage-powder","분노가루","rage-powder","bug","status","","","20","안절부절못하게 하는 가루를 자신에게 뿌려서 주의를 끈다. 상대의 공격은 모두 자신에게 향한다.","Until the end of the turn, all single-target attacks from the opposing side are redirected to the user. Such attacks are redirected to the user before they can be reflected by Magic Coat or the Magic Bounce Ability, or drawn in by the Lightning Rod or Storm Drain Abilities. Fails if it is not a Double Battle or Battle Royal. This effect is ignored while the user is under the effect of Sky Drop."
"477","telekinesis","텔레키네시스","telekinesis","psychic","status","","","15","초능력으로 상대를 띄운다. 3턴 동안 공격이 상대에게 맞기 쉬워진다.","For 3 turns, the target cannot avoid any attacks made against it, other than OHKO moves, as long as it remains active. During the effect, the target is immune to Ground-type attacks and the effects of Spikes, Toxic Spikes, Sticky Web, and the Arena Trap Ability as long as it remains active. If the target uses Baton Pass, the replacement will gain the effect. Ingrain, Smack Down, Thousand Arrows, and Iron Ball override this move if the target is under any of their effects. Fails if the target is already under this effect or the effects of Ingrain, Smack Down, or Thousand Arrows. The target is immune to this move on use if its species is Diglett, Dugtrio, Alolan Diglett, Alolan Dugtrio, Sandygast, Palossand, or Gengar while Mega-Evolved. Mega Gengar cannot be under this effect by any means."
"478","magic-room","매직룸","magic-room","psychic","status","","","10","이상한 공간을 만든다. 5턴 동안 모든 포켓몬의 도구의 효과가 사라진다.","For 5 turns, the held items of all active Pokemon have no effect. An item's effect of causing forme changes is unaffected, but any other effects from such items are negated. During the effect, Fling and Natural Gift are prevented from being used by all active Pokemon. If this move is used during the effect, the effect ends."
"479","smack-down","떨어뜨리기","smack-down","rock","physical","50","100","15","돌이나 구슬을 던져서 날고 있는 상대를 공격한다. 맞은 상대는 땅에 떨어진다.","This move can hit a target using Bounce, Fly, or Sky Drop, or is under the effect of Sky Drop. If this move hits a target under the effect of Bounce, Fly, Magnet Rise, or Telekinesis, the effect ends. If the target is a Flying type that has not used Roost this turn or a Pokemon with the Levitate Ability, it loses its immunity to Ground-type attacks and the Arena Trap Ability as long as it remains active. During the effect, Magnet Rise fails for the target and Telekinesis fails against the target."
"480","storm-throw","업어후리기","storm-throw","fighting","physical","60","100","10","강렬한 일격을 상대에게 날린다. 공격은 반드시 급소에 맞는다.","This move is always a critical hit unless the target is under the effect of Lucky Chant or has the Battle Armor or Shell Armor Abilities."
"481","flame-burst","불꽃튀기기","flame-burst","fire","special","70","100","15","맞으면 튀는 불꽃으로 상대를 공격한다. 튕긴 불꽃은 옆의 상대에게도 쏟아진다.","If this move is successful, the target's ally loses 1/16 of its maximum HP, rounded down, unless it has the Magic Guard Ability."
"482","sludge-wave","오물웨이브","sludge-wave","poison","special","95","100","10","오물 파도로 자신의 주위에 있는 포켓몬을 공격한다. 독 상태로 만들 때가 있다.","Has a 10% chance to poison the target."
"483","quiver-dance","나비춤","quiver-dance","bug","status","","","20","신비롭고 아름다운 춤을 경쾌하게 춘다. 자신의 특수공격과 특수방어와 스피드를 올린다.","Raises the user's Special Attack, Special Defense, and Speed by 1 stage."
"484","heavy-slam","헤비봄버","heavy-slam","steel","physical","","100","10","무거운 몸으로 상대에게 부딪쳐 공격한다. 자신이 상대보다 무거울수록 위력이 올라간다.","The power of this move depends on (user's weight / target's weight), rounded down. Power is equal to 120 if the result is 5 or more, 100 if 4, 80 if 3, 60 if 2, and 40 if 1 or less. Damage doubles and no accuracy check is done if the target has used Minimize while active."
"485","synchronoise","싱크로노이즈","synchronoise","psychic","special","120","100","10","이상한 전파로 주위에 있는 자신과 같은 타입의 포켓몬에게 데미지를 준다.","The target is immune if it does not share a type with the user."
"486","electro-ball","일렉트릭볼","electro-ball","electric","special","","100","10","전기 덩어리를 상대에게 부딪쳐서 공격한다. 상대보다 스피드가 빠를수록 위력이 올라간다.","The power of this move depends on (user's current Speed / target's current Speed), rounded down. Power is equal to 150 if the result is 4 or more, 120 if 3, 80 if 2, 60 if 1, 40 if less than 1. If the target's current Speed is 0, this move's power is 40."
"487","soak","물붓기","soak","water","status","","100","20","많은 물을 끼얹어서 상대를 물타입으로 바꾼다.","Causes the target to become a Water type. Fails if the target is an Arceus or a Silvally, if the target is already purely Water type, or if the target is Terastallized."
"488","flame-charge","니트로차지","flame-charge","fire","physical","50","100","20","불꽃을 둘러 상대를 공격한다. 힘을 모아서 자신의 스피드를 올린다.","Has a 100% chance to raise the user's Speed by 1 stage."
"489","coil","똬리틀기","coil","poison","status","","","20","똬리를 틀어서 집중한다. 자신의 공격과 방어와 명중률을 올린다.","Raises the user's Attack, Defense, and accuracy by 1 stage."
"490","low-sweep","로킥","low-sweep","fighting","physical","65","100","20","재빠른 움직임으로 상대의 다리를 노려 공격한다. 상대의 스피드를 떨어뜨린다.","Has a 100% chance to lower the target's Speed by 1 stage."
"491","acid-spray","애시드봄","acid-spray","poison","special","40","100","20","상대를 녹이는 액체를 토해내서 공격한다. 상대의 특수방어를 크게 떨어뜨린다.","Has a 100% chance to lower the target's Special Defense by 2 stages."
"492","foul-play","속임수","foul-play","dark","physical","95","100","15","상대의 힘을 이용한다. 싸우고 있는 상대의 공격이 높을수록 데미지가 올라간다.","Damage is calculated using the target's Attack stat, including stat stage changes. The user's Ability, item, and burn are used as normal."
"493","simple-beam","심플빔","simple-beam","normal","status","","100","15","수수께끼의 염력파를 상대에게 보낸다. 염력파를 받은 상대는 특성이 단순으로 바뀐다.","Causes the target's Ability to become Simple. Fails if the target's Ability is As One, Battle Bond, Comatose, Disguise, Gulp Missile, Ice Face, Multitype, Power Construct, RKS System, Schooling, Shields Down, Simple, Stance Change, Tera Shift, Truant, Zen Mode, or Zero to Hero."
"494","entrainment","동료만들기","entrainment","normal","status","","100","15","이상한 리듬으로 춤춘다. 움직임을 흉내 내게 해서 자신과 상대의 특성을 똑같게 만든다.","Causes the target's Ability to become the same as the user's. Fails if the target's Ability is As One, Battle Bond, Comatose, Disguise, Gulp Missile, Ice Face, Multitype, Power Construct, RKS System, Schooling, Shields Down, Stance Change, Tera Shift, Truant, Zen Mode, or Zero to Hero, or the same Ability as the user, or if the user's Ability is As One, Battle Bond, Comatose, Commander, Disguise, Embody Aspect, Flower Gift, Forecast, Hunger Switch, Ice Face, Illusion, Imposter, Multitype, Neutralizing Gas, Poison Puppeteer, Power Construct, Power of Alchemy, Protosynthesis, Quark Drive, Receiver, RKS System, Schooling, Shields Down, Stance Change, Tera Shell, Tera Shift, Teraform Zero, Trace, Wonder Guard, Zen Mode, or Zero to Hero."
"495","after-you","당신먼저","after-you","normal","status","","","15","상대의 행동을 도와서 자신이 행동한 뒤에 바로 움직일 수 있도록 한다.","The target makes its move immediately after the user this turn, no matter the priority of its selected move. Fails if the target would have moved next anyway, or if the target already moved this turn."
"496","round","돌림노래","round","normal","special","60","100","15","노래로 상대를 공격한다. 함께 돌림노래를 하면 계속해서 쓸 수 있고 위력도 올라간다.","If there are other active Pokemon that chose this move for use this turn, those Pokemon take their turn immediately after the user, in Speed order, and this move's power is 120 for each other user."
"497","echoed-voice","에코보이스","echoed-voice","normal","special","40","100","15","울리는 목소리로 상대를 공격한다. 매 턴 누군가 기술을 계속해서 쓰면 위력이 올라간다.","For every consecutive turn that this move is used by at least one Pokemon, this move's power is multiplied by the number of turns to pass, but not more than 5."
"498","chip-away","야금야금","chip-away","normal","physical","70","100","20","틈을 보며 착실하게 공격한다. 상대의 능력 변화에 관계없이 데미지를 준다.","Ignores the target's stat stage changes, including evasiveness."
"499","clear-smog","클리어스모그","clear-smog","poison","special","50","","15","특수한 진흙 덩어리를 상대에게 내던져서 공격한다. 능력 변화를 원래대로 돌린다.","Resets all of the target's stat stages to 0."
"500","stored-power","어시스트파워","stored-power","psychic","special","20","100","10","축적된 파워로 상대를 공격한다. 자신의 능력이 올라가 있는 만큼 위력이 오른다.","Power is equal to 20+(X*20), where X is the user's total stat stage changes that are greater than 0."
"501","quick-guard","패스트가드","quick-guard","fighting","status","","","15","자신과 같은 편을 상대의 선제공격으로부터 지킨다. ","The user and its party members are protected from attacks with original or altered priority greater than 0 made by other Pokemon, including allies, during this turn. This move modifies the same 1/X chance of being successful used by other protection moves, where X starts at 1 and triples each time this move is successfully used, but does not use the chance to check for failure. X resets to 1 if this move fails, if the user's last move used is not Baneful Bunker, Burning Bulwark, Detect, Endure, King's Shield, Max Guard, Obstruct, Protect, Quick Guard, Silk Trap, Spiky Shield, or Wide Guard, or if it was one of those moves and the user's protection was broken. Fails if the user moves last this turn or if this move is already in effect for the user's side."
"502","ally-switch","사이드체인지","ally-switch","psychic","status","","","15","이상한 힘으로 순간이동하여 자신과 같은 편이 있는 장소를 바꾼다.","The user swaps positions with its ally. Fails if the user is the only Pokemon on its side. This move has a 1/X chance of being successful, where X starts at 1 and triples each time this move is successfully used. X resets to 1 if this move fails or if the user's last move used is not Ally Switch."
"503","scald","열탕","scald","water","special","80","100","15","뜨겁게 끓어오르는 물을 상대에게 발사해서 공격한다. 화상 상태로 만들 때가 있다.","Has a 30% chance to burn the target. The target thaws out if it is frozen."
"504","shell-smash","껍질깨기","shell-smash","normal","status","","","15","껍질을 깨서 자신의 방어와 특수방어를 떨어뜨리지만 공격과 특수공격, 스피드를 크게 올린다.","Lowers the user's Defense and Special Defense by 1 stage. Raises the user's Attack, Special Attack, and Speed by 2 stages."
"505","heal-pulse","치유파동","heal-pulse","psychic","status","","","10","치유파동을 날려서 최대 HP의 절반만큼 상대의 HP를 회복한다.","The target restores 1/2 of its maximum HP, rounded half up. If the user has the Mega Launcher Ability, the target instead restores 3/4 of its maximum HP, rounded half down."
"506","hex","병상첨병","hex","ghost","special","65","100","10","엎친 데 덮친 격으로 공격한다. 상태 이상인 상대에게 큰 데미지를 준다.","Power doubles if the target has a non-volatile status condition."
"507","sky-drop","프리폴","sky-drop","flying","physical","60","100","10","1턴째에 상대를 하늘로 끌고 가서 2턴째에 떨어뜨려 공격한다. 끌려간 상대는 움직일 수 없다.","This attack takes the target into the air with the user on the first turn and executes on the second. Pokemon weighing 200 kg or more cannot be lifted. On the first turn, the user and the target avoid all attacks other than Gust, Hurricane, Sky Uppercut, Smack Down, Thousand Arrows, Thunder, and Twister. The user and the target cannot make a move between turns, but the target can select a move to use. This move cannot damage Flying-type Pokemon. Fails on the first turn if the target is an ally, if the target has a substitute, or if the target is using Bounce, Dig, Dive, Fly, Phantom Force, Shadow Force, or Sky Drop."
"508","shift-gear","기어체인지","shift-gear","steel","status","","","10","톱니바퀴를 돌려서 자신의 공격을 올리는 것뿐만 아니라 스피드도 크게 올린다.","Raises the user's Speed by 2 stages and its Attack by 1 stage."
"509","circle-throw","배대뒤치기","circle-throw","fighting","physical","60","90","10","상대를 내던져서 교대할 포켓몬을 끌어낸다. 야생의 경우에는 배틀이 끝난다.","If both the user and the target have not fainted, the target is forced to switch out and be replaced with a random unfainted ally. This effect fails if the target is under the effect of Ingrain, has the Suction Cups Ability, or this move hit a substitute."
"510","incinerate","불태우기","incinerate","fire","special","60","100","15","불꽃으로 상대를 공격한다. 상대가 나무열매 등을 지니고 있을 때 불태워서 쓸 수 없게 만든다.","The target loses its held item if it is a Berry or a Gem. This move cannot cause Pokemon with the Sticky Hold Ability to lose their held item. Items lost to this move cannot be regained with Recycle or the Harvest Ability."
"511","quash","순서미루기","quash","dark","status","","100","15","상대를 억눌러서 행동의 순서를 마지막으로 만든다.","Causes the target to take its turn after all other Pokemon this turn, no matter the priority of its selected move. Fails if the target already moved this turn."
"512","acrobatics","애크러뱃","acrobatics","flying","physical","55","100","15","경쾌하게 상대를 공격한다. 자신이 도구를 지니고 있지 않을 때 큰 데미지를 준다.","Power doubles if the user has no held item."
"513","reflect-type","미러타입","reflect-type","normal","status","","","15","상대의 타입을 반사해서 자신도 똑같은 타입이 된다.","Causes the user's types to become the same as the current types of the target. If the target's current types include typeless and a non-added type, typeless is ignored. If the target's current types include typeless and an added type from Forest's Curse or Trick-or-Treat, typeless is copied as the Normal type instead. Fails if the user is an Arceus or a Silvally, if the user is Terastallized, or if the target's current type is typeless alone."
"514","retaliate","원수갚기","retaliate","normal","physical","70","100","5","쓰러진 같은 편의 원수를 갚는다. 앞 턴에서 같은 편이 쓰러졌다면 위력이 올라간다.","Power doubles if one of the user's party members fainted last turn."
"515","final-gambit","목숨걸기","final-gambit","fighting","special","","100","5","목숨을 걸고 상대를 공격한다. 자신은 기절하게 되지만 상대에게 HP만큼의 데미지를 준다.","Deals damage to the target equal to the user's current HP. If this move is successful, the user faints."
"516","bestow","기프트패스","bestow","normal","status","","","15","상대가 도구를 지니고 있지 않을 때 자신이 지니고 있는 도구를 상대에게 건넨다.","The target receives the user's held item. Fails if the user has no item or is holding a Z-Crystal, if the target is already holding an item, if the item is a Mega Stone and either the user or the target is the species that can Mega Evolve with it, or if the item is a Blue Orb, Red Orb, Griseous Orb, Plate, Drive, or Memory and either the user or the target is a Kyogre, Groudon, Giratina, Arceus, Genesect, or Silvally, respectively."
"517","inferno","연옥","inferno","fire","special","100","50","5","격렬한 불꽃으로 상대를 둘러싸 공격한다. 화상 상태로 만든다.","Has a 100% chance to burn the target."
"518","water-pledge","물의맹세","water-pledge","water","special","80","100","10","물기둥으로 공격한다. 불꽃과 조합하면 위력이 올라가고 하늘에 무지개가 걸린다.","If one of the user's allies chose to use Fire Pledge or Grass Pledge this turn and has not moved yet, it takes its turn immediately after the user and the user's move does nothing. If combined with Fire Pledge, the ally uses Water Pledge with 150 power and a rainbow appears on the user's side for 4 turns, which doubles secondary effect chances and stacks with the Serene Grace Ability, except effects that cause flinching can only have their chance doubled once. If combined with Grass Pledge, the ally uses Grass Pledge with 150 power and a swamp appears on the target's side for 4 turns, which quarters the Speed of each Pokemon on that side. When used as a combined move, this move gains STAB no matter what the user's type is. This move does not consume the user's Water Gem, and cannot be redirected by the Storm Drain Ability."
"519","fire-pledge","불꽃의맹세","fire-pledge","fire","special","80","100","10","불꽃기둥으로 공격한다. 풀과 조합하면 위력이 올라가고 주위가 불바다가 된다.","If one of the user's allies chose to use Grass Pledge or Water Pledge this turn and has not moved yet, it takes its turn immediately after the user and the user's move does nothing. If combined with Grass Pledge, the ally uses Fire Pledge with 150 power and a sea of fire appears on the target's side for 4 turns, which causes damage to non-Fire types equal to 1/8 of their maximum HP, rounded down, at the end of each turn during effect, including the last turn. If combined with Water Pledge, the ally uses Water Pledge with 150 power and a rainbow appears on the user's side for 4 turns, which doubles secondary effect chances and stacks with the Serene Grace Ability, except effects that cause flinching can only have their chance doubled once. When used as a combined move, this move gains STAB no matter what the user's type is. This move does not consume the user's Fire Gem."
"520","grass-pledge","풀의맹세","grass-pledge","grass","special","80","100","10","풀기둥으로 공격한다. 물과 조합하면 위력이 올라가고 주변이 습지초원이 된다.","If one of the user's allies chose to use Fire Pledge or Water Pledge this turn and has not moved yet, it takes its turn immediately after the user and the user's move does nothing. If combined with Fire Pledge, the ally uses Fire Pledge with 150 power and a sea of fire appears on the target's side for 4 turns, which causes damage to non-Fire types equal to 1/8 of their maximum HP, rounded down, at the end of each turn during effect, including the last turn. If combined with Water Pledge, the ally uses Grass Pledge with 150 power and a swamp appears on the target's side for 4 turns, which quarters the Speed of each Pokemon on that side. When used as a combined move, this move gains STAB no matter what the user's type is. This move does not consume the user's Grass Gem."
"521","volt-switch","볼트체인지","volt-switch","electric","special","70","100","20","공격한 뒤 굉장한 스피드로 돌아와서 교대 포켓몬과 교체한다.","If this move is successful and the user has not fainted, the user switches out even if it is trapped and is replaced immediately by a selected party member. The user does not switch out if there are no unfainted party members, or if the target switched out using an Eject Button or through the effect of the Emergency Exit or Wimp Out Abilities."
"522","struggle-bug","벌레의저항","struggle-bug","bug","special","50","100","20","저항해서 상대를 공격한다. 상대의 특수공격을 떨어뜨린다.","Has a 100% chance to lower the target's Special Attack by 1 stage."
"523","bulldoze","땅고르기","bulldoze","ground","physical","60","100","20","땅을 힘껏 밟아 자신의 주위에 있는 포켓몬을 공격한다. 상대의 스피드를 떨어뜨린다.","Has a 100% chance to lower the target's Speed by 1 stage."
"524","frost-breath","얼음숨결","frost-breath","ice","special","60","90","10","차가운 숨결을 상대에게 내뿜어 공격한다. 반드시 급소에 맞는다.","This move is always a critical hit unless the target is under the effect of Lucky Chant or has the Battle Armor or Shell Armor Abilities."
"525","dragon-tail","드래곤테일","dragon-tail","dragon","physical","60","90","10","상대를 튕겨내서 교대할 포켓몬을 끌어낸다. 야생의 경우에는 배틀이 끝난다.","If both the user and the target have not fainted, the target is forced to switch out and be replaced with a random unfainted ally. This effect fails if the target used Ingrain previously, has the Suction Cups Ability, or this move hit a substitute."
"526","work-up","분발","work-up","normal","status","","","30","스스로 분발해서 공격과 특수공격을 올린다.","Raises the user's Attack and Special Attack by 1 stage."
"527","electroweb","일렉트릭네트","electroweb","electric","special","55","95","15","전기 네트로 상대를 붙잡아서 공격한다. 상대의 스피드를 떨어뜨린다.","Has a 100% chance to lower the target's Speed by 1 stage."
"528","wild-charge","와일드볼트","wild-charge","electric","physical","90","100","15","전기를 두르고 상대에게 부딪쳐 공격한다. 자신도 조금 데미지를 입는다.","If the target lost HP, the user takes recoil damage equal to 1/4 the HP lost by the target, rounded half up, but not less than 1 HP."
"529","drill-run","드릴라이너","drill-run","ground","physical","80","95","10","드릴처럼 몸을 회전시켜서 상대에게 몸통박치기한다. 급소에 맞기 쉽다.","Has a higher chance for a critical hit."
"530","dual-chop","더블촙","dual-chop","dragon","physical","40","90","15","몸의 단단한 부분으로 상대를 때려 공격한다. 2회 연속으로 데미지를 준다.","Hits twice. If the first hit breaks the target's substitute, it will take damage for the second hit."
"531","heart-stamp","하트스탬프","heart-stamp","psychic","physical","60","100","25","귀여운 모습으로 방심시켜서 강렬한 일격을 날린다. 상대를 풀죽게 만들 때가 있다.","Has a 30% chance to make the target flinch."
"532","horn-leech","우드혼","horn-leech","grass","physical","75","100","10","뿔을 꿰찔러서 상대의 양분을 흡수한다. 입힌 데미지의 절반에 해당하는 HP를 회복할 수 있다.","The user recovers 1/2 the HP lost by the target, rounded half up. If Big Root is held by the user, the HP recovered is 1.3x normal, rounded half down."
"533","sacred-sword","성스러운칼","sacred-sword","fighting","physical","90","100","15","긴 뿔로 베어 공격한다. 상대의 능력 변화에 관계없이 데미지를 준다.","Ignores the target's stat stage changes, including evasiveness."
"534","razor-shell","셸블레이드","razor-shell","water","physical","75","95","10","날카로운 조개껍질로 베어 공격한다. 상대의 방어를 떨어뜨릴 때가 있다.","Has a 50% chance to lower the target's Defense by 1 stage."
"535","heat-crash","히트스탬프","heat-crash","fire","physical","","100","10","불타는 몸으로 상대에게 부딪쳐서 공격한다. 자신이 상대보다 무거울수록 위력이 올라간다.","The power of this move depends on (user's weight / target's weight), rounded down. Power is equal to 120 if the result is 5 or more, 100 if 4, 80 if 3, 60 if 2, and 40 if 1 or less. Damage doubles and no accuracy check is done if the target has used Minimize while active."
"536","leaf-tornado","그래스믹서","leaf-tornado","grass","special","65","90","10","날카로운 잎사귀로 상대를 둘러싸서 공격한다. 명중률을 떨어뜨릴 때가 있다.","Has a 50% chance to lower the target's accuracy by 1 stage."
"537","steamroller","하드롤러","steamroller","bug","physical","65","100","20","둥글게 뭉친 몸을 회전하여 상대를 뭉개 버린다. 상대를 풀죽게 만들 때가 있다.","Has a 30% chance to make the target flinch. Damage doubles and no accuracy check is done if the target has used Minimize while active."
"538","cotton-guard","코튼가드","cotton-guard","grass","status","","","10","푹신푹신한 솜털로 자신의 몸을 둘러싸서 지킨다. 방어를 매우 크게 올린다.","Raises the user's Defense by 3 stages."
"539","night-daze","나이트버스트","night-daze","dark","special","85","95","10","암흑의 충격파를 날려서 상대를 공격한다. 명중률을 떨어뜨릴 때가 있다.","Has a 40% chance to lower the target's accuracy by 1 stage."
"540","psystrike","사이코브레이크","psystrike","psychic","special","100","100","10","이상한 염력파를 실체화하여 상대를 공격한다. 물리적인 데미지를 준다.","Deals damage to the target based on its Defense instead of Special Defense."
"541","tail-slap","스위프뺨치기","tail-slap","normal","physical","25","85","10","단단한 꼬리로 상대를 때려서 공격한다. 2-5회 동안 연속으로 쓴다.","Hits two to five times. Has a 35% chance to hit two or three times and a 15% chance to hit four or five times. If one of the hits breaks the target's substitute, it will take damage for the remaining hits. If the user has the Skill Link Ability, this move will always hit five times. If the user is holding Loaded Dice, this move will hit 4-5 times."
"542","hurricane","폭풍","hurricane","flying","special","110","70","10","강렬한 바람으로 상대를 둘러싸서 공격한다. 상대를 혼란시킬 때가 있다.","Has a 30% chance to confuse the target. This move can hit a target using Bounce, Fly, or Sky Drop, or is under the effect of Sky Drop. If the weather is Heavy Rain or Rain, this move does not check accuracy. If the weather is Intense Sun or Sun, this move's accuracy is 50%. If this move is used against a Pokemon holding Utility Umbrella, this move's accuracy remains at 70%."
"543","head-charge","아프로브레이크","head-charge","normal","physical","120","100","15","굉장한 아프로 머리로 상대에게 돌진하여 공격한다. 자신도 조금 데미지를 입는다.","If the target lost HP, the user takes recoil damage equal to 1/4 the HP lost by the target, rounded half up, but not less than 1 HP."
"544","gear-grind","기어소서","gear-grind","steel","physical","50","85","15","강철의 기어를 상대에게 던져서 공격한다. 2회 연속으로 데미지를 준다.","Hits twice. If the first hit breaks the target's substitute, it will take damage for the second hit."
"545","searing-shot","화염탄","searing-shot","fire","special","100","100","5","새빨간 불꽃으로 자신의 주위에 있는 포켓몬을 공격한다. 화상 상태로 만들 때가 있다.","Has a 30% chance to burn the target."
"546","techno-blast","테크노버스터","techno-blast","normal","special","120","100","5","광탄을 상대에게 방출한다. 자신이 지니고 있는 카세트에 의해 타입이 바뀐다.","This move's type depends on the user's held Drive."
"547","relic-song","옛노래","relic-song","normal","special","75","100","10","옛노래를 상대에게 들려주고 마음에 호소하여 공격한다. 잠듦 상태로 만들 때가 있다.","Has a 10% chance to cause the target to fall asleep. If this move is successful on at least one target and the user is a Meloetta, it changes to Pirouette Forme if it is currently in Aria Forme, or changes to Aria Forme if it is currently in Pirouette Forme. This forme change does not happen if the Meloetta has the Sheer Force Ability. The Pirouette Forme reverts to Aria Forme when Meloetta is not active."
"548","secret-sword","신비의칼","secret-sword","fighting","special","85","100","10","긴 뿔로 베어 공격한다. 뿔이 머금은 이상한 힘은 물리적인 데미지를 준다.","Deals damage to the target based on its Defense instead of Special Defense."
"549","glaciate","얼어붙은세계","glaciate","ice","special","65","95","10","차가운 냉기를 상대에게 내뿜어 공격한다. 상대의 스피드를 떨어뜨린다.","Has a 100% chance to lower the target's Speed by 1 stage."
"550","bolt-strike","뇌격","bolt-strike","electric","physical","130","85","5","방대한 전기를 몸에 둘러 상대에게 돌진해서 공격한다. 마비 상태로 만들 때가 있다.","Has a 20% chance to paralyze the target."
"551","blue-flare","푸른불꽃","blue-flare","fire","special","130","85","5","아름다우면서도 격렬한 푸른불꽃으로 상대를 둘러싸서 공격한다. 화상 상태로 만들 때가 있다.","Has a 20% chance to burn the target."
"552","fiery-dance","불꽃춤","fiery-dance","fire","special","80","100","10","불꽃을 둘러 날개를 쳐서 공격한다. 자신의 특수공격이 오를 때가 있다.","Has a 50% chance to raise the user's Special Attack by 1 stage."
"553","freeze-shock","프리즈볼트","freeze-shock","ice","physical","140","90","5","전기를 두른 얼음 덩어리로 2턴째에 상대를 내리친다. 마비 상태로 만들 때가 있다.","Has a 30% chance to paralyze the target. This attack charges on the first turn and executes on the second. If the user is holding a Power Herb, the move completes in one turn."
"554","ice-burn","콜드플레어","ice-burn","ice","special","140","90","5","모든 것을 얼려버리는 격렬한 냉기로 2턴째에 상대를 둘러싼다. 화상 상태로 만들 때가 있다.","Has a 30% chance to burn the target. This attack charges on the first turn and executes on the second. If the user is holding a Power Herb, the move completes in one turn."
"555","snarl","바크아웃","snarl","dark","special","55","95","15","호되게 호통을 쳐서 상대의 특수공격을 떨어뜨린다.","Has a 100% chance to lower the target's Special Attack by 1 stage."
"556","icicle-crash","고드름떨구기","icicle-crash","ice","physical","85","90","10","큰 고드름을 격렬하게 부딪쳐서 공격한다. 상대를 풀죽게 만들 때가 있다.","Has a 30% chance to make the target flinch."
"557","v-create","V제너레이트","v-create","fire","physical","180","95","5","작열하는 불꽃을 이마에서 발생시켜 이판사판으로 몸통박치기한다. 방어, 특수방어, 스피드가 떨어진다.","Lowers the user's Speed, Defense, and Special Defense by 1 stage."
"558","fusion-flare","크로스플레임","fusion-flare","fire","special","100","100","5","거대한 불꽃을 내리친다. 거대한 천둥의 영향을 받아 기술의 위력이 올라간다.","Power doubles if the last move used by any Pokemon this turn was Fusion Bolt."
"559","fusion-bolt","크로스썬더","fusion-bolt","electric","physical","100","100","5","거대한 천둥을 내리친다. 거대한 불꽃의 영향을 받아 기술의 위력이 올라간다.","Power doubles if the last move used by any Pokemon this turn was Fusion Flare."
"560","flying-press","플라잉프레스","flying-press","fighting","physical","100","95","10","공중에서 상대에게 다이브한다. 이 기술은 격투타입임과 동시에 비행타입이기도 하다.","This move combines Flying in its type effectiveness against the target. Damage doubles and no accuracy check is done if the target has used Minimize while active."
"561","mat-block","마룻바닥세워막기","mat-block","fighting","status","","","10","뒤집어 세운 마룻바닥을 방패로 하여 자신과 같은 편으로 향하는 기술 데미지를 막는다. 변화 기술은 막을 수 없다.","The user and its party members are protected from damaging attacks made by other Pokemon, including allies, during this turn. Fails unless it is the user's first turn on the field, if the user moves last this turn, or if this move is already in effect for the user's side."
"562","belch","트림","belch","poison","special","120","90","10","상대를 향해 트림을 하여 데미지를 준다. 나무열매를 먹지 않으면 쓸 수 없다.","This move cannot be selected until the user eats a Berry, either by eating one that was held, stealing and eating one off another Pokemon with Bug Bite or Pluck, or eating one that was thrown at it with Fling. Once the condition is met, this move can be selected and used for the rest of the battle even if the user gains or uses another item or switches out. Consuming a Berry with Natural Gift does not count for the purposes of eating one."
"563","rototiller","일구기","rototiller","ground","status","","","10","땅을 일구어 초목이 자라기 쉽게 한다. 풀타입의 공격과 특수공격이 오른다.","Raises the Attack and Special Attack of all grounded Grass-type Pokemon on the field by 1 stage."
"564","sticky-web","끈적끈적네트","sticky-web","bug","status","","","20","상대의 주위에 끈적끈적한 네트를 둘러 펼쳐 교체되어 나온 상대의 스피드를 떨어뜨린다.","Sets up a hazard on the opposing side of the field, lowering the Speed by 1 stage of each opposing Pokemon that switches in, unless it is a Flying-type Pokemon or has the Levitate Ability. Fails if the effect is already active on the opposing side. Can be removed from the opposing side if any Pokemon uses Tidy Up, or if any opposing Pokemon uses Mortal Spin, Rapid Spin, or Defog successfully, or is hit by Defog."
"565","fell-stinger","마지막일침","fell-stinger","bug","physical","50","100","25","이 기술을 사용하여 상대를 쓰러뜨리면 공격이 크게 오른다.","Raises the user's Attack by 3 stages if this move knocks out the target."
"566","phantom-force","고스트다이브","phantom-force","ghost","physical","90","100","10","1턴째에 어디론가 사라져서 2턴째에 상대를 공격한다. 기술 방어를 무시하고 공격할 수 있다.","If this move is successful, it breaks through the target's Baneful Bunker, Detect, King's Shield, Protect, or Spiky Shield for this turn, allowing other Pokemon to attack the target normally. If the target's side is protected by Crafty Shield, Mat Block, Quick Guard, or Wide Guard, that protection is also broken for this turn and other Pokemon may attack the target's side normally. This attack charges on the first turn and executes on the second. On the first turn, the user avoids all attacks. If the user is holding a Power Herb, the move completes in one turn."
"567","trick-or-treat","핼러윈","trick-or-treat","ghost","status","","100","20","상대를 핼러윈으로 초대한다. 상대 타입에 고스트타입이 추가된다.","Causes the Ghost type to be added to the target, effectively making it have two or three types. Fails if the target is already a Ghost type. If Forest's Curse adds a type to the target, it replaces the type added by this move and vice versa."
"568","noble-roar","부르짖기","noble-roar","normal","status","","100","30","우렁차게 부르짖어서 상대를 위협하여 상대의 공격과 특수공격을 떨어뜨린다.","Lowers the target's Attack and Special Attack by 1 stage."
"569","ion-deluge","플라스마샤워","ion-deluge","electric","status","","","25","전기를 띤 입자를 확산시켜 노말타입 기술을 전기타입으로 바꿔버린다.","Causes Normal-type moves to become Electric type this turn. The effect happens after other effects that change a move's type."
"570","parabolic-charge","파라볼라차지","parabolic-charge","electric","special","65","100","20","주위에 있는 모든 포켓몬에게 데미지를 준다. 준 데미지의 절반을 자신이 회복한다.","The user recovers 1/2 the HP lost by the target, rounded half up. If Big Root is held by the user, the HP recovered is 1.3x normal, rounded half down."
"571","forests-curse","숲의저주","forests-curse","grass","status","","100","20","상대에게 숲의 저주를 건다. 저주에 걸린 상대는 타입에 풀타입이 추가된다.","Causes the Grass type to be added to the target, effectively making it have two or three types. Fails if the target is already a Grass type. If Trick-or-Treat adds a type to the target, it replaces the type added by this move and vice versa."
"572","petal-blizzard","꽃보라","petal-blizzard","grass","physical","90","100","15","세찬 꽃보라를 일으켜서 주위에 있는 포켓몬을 공격하여 데미지를 준다.","No additional effect."
"573","freeze-dry","프리즈드라이","freeze-dry","ice","special","70","100","20","상대를 급격히 차갑게 하여 얼음 상태로 만들 때가 있다. 물타입 포켓몬에게도 효과가 굉장해진다.","Has a 10% chance to freeze the target. This move's type effectiveness against Water is changed to be super effective no matter what this move's type is."
"574","disarming-voice","차밍보이스","disarming-voice","fairy","special","40","","15","매혹적인 울음소리를 내어 상대에게 정신적 데미지를 준다. 공격은 반드시 명중한다.","This move does not check accuracy."
"575","parting-shot","막말내뱉기","parting-shot","dark","status","","100","20","막말을 내뱉어 상대를 위협하여 공격과 특수공격을 떨어뜨린 후 교대 포켓몬과 교체한다.","Lowers the target's Attack and Special Attack by 1 stage. If this move is successful, the user switches out even if it is trapped and is replaced immediately by a selected party member. The user does not switch out if the target's Attack and Special Attack stat stages were both unchanged, or if there are no unfainted party members."
"576","topsy-turvy","뒤집어엎기","topsy-turvy","dark","status","","","20","상대에게 걸려 있는 모든 능력 변화를 뒤집어서 반대로 만든다.","The target's positive stat stages become negative and vice versa. Fails if all of the target's stat stages are 0."
"577","draining-kiss","드레인키스","draining-kiss","fairy","special","50","100","10","키스로 상대로부터 HP를 흡수한다. 준 데미지의 반 이상 HP를 회복한다.","The user recovers 3/4 the HP lost by the target, rounded half up. If Big Root is held by the user, the HP recovered is 1.3x normal, rounded half down."
"578","crafty-shield","트릭가드","crafty-shield","fairy","status","","","10","이상한 힘을 사용하여 같은 편을 공격하는 변화 기술을 막는다. 데미지 기술은 받는다.","The user and its party members are protected from non-damaging attacks made by other Pokemon, including allies, during this turn. Fails if the user moves last this turn or if this move is already in effect for the user's side."
"579","flower-shield","플라워가드","flower-shield","fairy","status","","","10","이상한 힘을 사용하여 배틀에 나와있는 모든 풀타입 포켓몬의 방어를 올린다.","Raises the Defense of all active Grass-type Pokemon by 1 stage. Fails if there are no active Grass-type Pokemon."
"580","grassy-terrain","그래스필드","grassy-terrain","grass","status","","","10","5턴 동안 발밑을 그래스필드로 만든다. 땅에 있는 포켓몬은 매 턴 회복한다.","For 5 turns, the terrain becomes Grassy Terrain. During the effect, the power of Grass-type attacks used by grounded Pokemon is multiplied by 1.3, the power of Bulldoze, Earthquake, and Magnitude used against grounded Pokemon is multiplied by 0.5, and grounded Pokemon have 1/16 of their maximum HP, rounded down, restored at the end of each turn, including the last turn. Camouflage transforms the user into a Grass type, Nature Power becomes Energy Ball, and Secret Power has a 30% chance to cause sleep. Fails if the current terrain is Grassy Terrain."
"581","misty-terrain","미스트필드","misty-terrain","fairy","status","","","10","5턴 동안 발밑을 미스트필드로 만든다. 땅에 있으면 상태 이상이 되지 않는다.","For 5 turns, the terrain becomes Misty Terrain. During the effect, the power of Dragon-type attacks used against grounded Pokemon is multiplied by 0.5 and grounded Pokemon cannot be inflicted with a non-volatile status condition nor confusion. Grounded Pokemon can become affected by Yawn but cannot fall asleep from its effect. Camouflage transforms the user into a Fairy type, Nature Power becomes Moonblast, and Secret Power has a 30% chance to lower Special Attack by 1 stage. Fails if the current terrain is Misty Terrain."
"582","electrify","송전","electrify","electric","status","","","20","상대가 기술을 쓰기 전에 송전하면 그 턴에 상대가 사용하는 기술은 전기타입이 된다.","Causes the target's move to become Electric type this turn. Among effects that can change a move's type, this effect happens last. Fails if the target already moved this turn."
"583","play-rough","치근거리기","play-rough","fairy","physical","90","90","10","상대에게 치근거리며 공격한다. 상대의 공격을 떨어뜨릴 때가 있다.","Has a 10% chance to lower the target's Attack by 1 stage."
"584","fairy-wind","요정의바람","fairy-wind","fairy","special","40","100","30","요정의 바람을 일으켜 상대에게 몰아쳐서 공격한다.","No additional effect."
"585","moonblast","문포스","moonblast","fairy","special","95","100","15","달의 파워를 빌려서 상대를 공격한다. 상대의 특수공격을 떨어뜨릴 때가 있다.","Has a 30% chance to lower the target's Special Attack by 1 stage."
"586","boomburst","폭음파","boomburst","normal","special","140","100","10","무시무시한 폭음의 파괴력으로 주위에 있는 포켓몬을 공격한다.","No additional effect."
"587","fairy-lock","페어리록","fairy-lock","fairy","status","","","10","록을 걸어 다음 턴의 모든 포켓몬을 도망가지 못하게 한다.","Prevents all active Pokemon from switching next turn. A Pokemon can still switch out if it is holding Shed Shell or uses Baton Pass, Flip Turn, Parting Shot, Teleport, U-turn, or Volt Switch. Fails if the effect is already active."
"588","kings-shield","킹실드","kings-shield","steel","status","","","10","상대의 공격을 막음과 동시에 방어 태세를 갖춘다. 접촉한 상대의 공격을 크게 떨어뜨린다.","The user is protected from most attacks made by other Pokemon during this turn, and Pokemon trying to make contact with the user have their Attack lowered by 1 stage. Non-damaging moves go through this protection. This move has a 1/X chance of being successful, where X starts at 1 and triples each time this move is successfully used. X resets to 1 if this move fails, if the user's last move used is not Baneful Bunker, Burning Bulwark, Detect, Endure, King's Shield, Max Guard, Obstruct, Protect, Quick Guard, Silk Trap, Spiky Shield, or Wide Guard, or if it was one of those moves and the user's protection was broken. Fails if the user moves last this turn."
"589","play-nice","친해지기","play-nice","normal","status","","","20","상대와 친해져서 싸울 마음을 잃게 하여 상대의 공격을 떨어뜨린다.","Lowers the target's Attack by 1 stage."
"590","confide","비밀이야기","confide","normal","status","","","20","비밀 이야기를 하면서 상대의 집중력을 잃게 하여 상대의 특수공격을 떨어뜨린다.","Lowers the target's Special Attack by 1 stage."
"591","diamond-storm","다이아스톰","diamond-storm","rock","physical","100","95","5","다이아 폭풍을 일으켜 데미지를 준다. 자신의 방어를 올릴 때가 있다.","Has a 50% chance to raise the user's Defense by 2 stages."
"592","steam-eruption","스팀버스트","steam-eruption","water","special","110","95","5","상대에게 굉장히 뜨거운 증기를 뿜는다. 상대는 화상을 입기도 한다.","Has a 30% chance to burn the target. The target thaws out if it is frozen."
"593","hyperspace-hole","이차원홀","hyperspace-hole","psychic","special","80","","5","다른차원홀로 갑자기 상대 바로 옆에 나타나 공격한다. 방어나 판별도 무시할 수 있다.","If this move is successful, it breaks through the target's Baneful Bunker, Detect, King's Shield, Protect, or Spiky Shield for this turn, allowing other Pokemon to attack the target normally. If the target's side is protected by Crafty Shield, Mat Block, Quick Guard, or Wide Guard, that protection is also broken for this turn and other Pokemon may attack the target's side normally."
"594","water-shuriken","물수리검","water-shuriken","water","special","15","100","20","점액으로 만든 수리검을 2-5회 동안 연속으로 던진다. 반드시 선제공격할 수 있다.","Hits two to five times. Has a 35% chance to hit two or three times and a 15% chance to hit four or five times. If one of the hits breaks the target's substitute, it will take damage for the remaining hits. If the user has the Skill Link Ability, this move will always hit five times. If the user is an Ash-Greninja with the Battle Bond Ability, this move has a power of 20 and always hits three times. If the user is holding Loaded Dice, this move will hit 4-5 times."
"595","mystical-fire","매지컬플레임","mystical-fire","fire","special","75","100","10","입에서 내뱉는 아주 뜨거운 불꽃으로 공격한다. 상대의 특수공격을 떨어뜨린다.","Has a 100% chance to lower the target's Special Attack by 1 stage."
"596","spiky-shield","니들가드","spiky-shield","grass","status","","","10","상대의 공격을 막음과 동시에 접촉한 상대의 체력을 떨어뜨린다.","The user is protected from most attacks made by other Pokemon during this turn, and Pokemon making contact with the user lose 1/8 of their maximum HP, rounded down. This move has a 1/X chance of being successful, where X starts at 1 and triples each time this move is successfully used. X resets to 1 if this move fails, if the user's last move used is not Baneful Bunker, Burning Bulwark, Detect, Endure, King's Shield, Max Guard, Obstruct, Protect, Quick Guard, Silk Trap, Spiky Shield, or Wide Guard, or if it was one of those moves and the user's protection was broken. Fails if the user moves last this turn."
"597","aromatic-mist","아로마미스트","aromatic-mist","fairy","status","","","20","신비한 아로마 향으로 같은 편의 특수방어를 올린다. ","Raises the target's Special Defense by 1 stage. Fails if there is no ally adjacent to the user."
"598","eerie-impulse","괴전파","eerie-impulse","electric","status","","100","15","몸에서 괴전파를 내어 상대에게 쏨으로써 특수공격을 크게 떨어뜨린다.","Lowers the target's Special Attack by 2 stages."
"599","venom-drench","베놈트랩","venom-drench","poison","status","","100","20","특수한 독액을 끼얹는다. 독 상태인 상대는 공격, 특수공격, 스피드가 떨어진다.","Lowers the target's Attack, Special Attack, and Speed by 1 stage if the target is poisoned. Fails if the target is not poisoned."
"600","powder","분진","powder","bug","status","","100","20","분진을 뒤집어쓴 상대가 불꽃 기술을 쓰면 폭발하여 데미지를 준다.","If the target uses a Fire-type move this turn, it is prevented from executing and the target loses 1/4 of its maximum HP, rounded half up. This effect does not happen if the Fire-type move is prevented by Primordial Sea."
"601","geomancy","지오컨트롤","geomancy","fairy","status","","","10","1턴째에 에너지를 흡수하여 2턴째에 특수공격, 특수방어, 스피드를 크게 올린다.","Raises the user's Special Attack, Special Defense, and Speed by 2 stages. This attack charges on the first turn and executes on the second. If the user is holding a Power Herb, the move completes in one turn."
"602","magnetic-flux","자기장조작","magnetic-flux","electric","status","","","20","자기장 조작으로 인해 특성 플러스와 마이너스의 방어, 특수방어가 오른다.","Raises the Defense and Special Defense of Pokemon on the user's side with the Plus or Minus Abilities by 1 stage."
"603","happy-hour","해피타임","happy-hour","normal","status","","","30","해피타임 기술을 쓰면 배틀 후에 받을 수 있는 돈이 배가 된다.","No competitive use."
"604","electric-terrain","일렉트릭필드","electric-terrain","electric","status","","","10","5턴 동안 발밑을 일렉트릭필드로 만든다. 땅에 있는 포켓몬은 잠들지 않게 된다.","For 5 turns, the terrain becomes Electric Terrain. During the effect, the power of Electric-type attacks made by grounded Pokemon is multiplied by 1.3 and grounded Pokemon cannot fall asleep; Pokemon already asleep do not wake up. Grounded Pokemon cannot become affected by Yawn or fall asleep from its effect. Camouflage transforms the user into an Electric type, Nature Power becomes Thunderbolt, and Secret Power has a 30% chance to cause paralysis. Fails if the current terrain is Electric Terrain."
"605","dazzling-gleam","매지컬샤인","dazzling-gleam","fairy","special","80","100","10","강력한 빛을 내어 상대에게 데미지를 준다.","No additional effect."
"606","celebrate","축하","celebrate","normal","status","","","40","포켓몬이 매우 행복한 당신을 축하해 준다.","No competitive use."
"607","hold-hands","손에손잡기","hold-hands","normal","status","","","40","같은 편 포켓몬끼리 손에 손을 잡는다. 굉장히 행복한 기분이 들게 된다.","No competitive use. Fails if there is no ally adjacent to the user."
"608","baby-doll-eyes","초롱초롱눈동자","baby-doll-eyes","fairy","status","","100","30","초롱초롱한 눈동자로 상대를 바라보며 공격을 떨어뜨린다. 반드시 선제공격할 수 있다.","Lowers the target's Attack by 1 stage."
"609","nuzzle","볼부비부비","nuzzle","electric","physical","20","100","20","전기가 흐르는 볼을 비벼서 공격한다. 상대를 마비 상태로 만든다.","Has a 100% chance to paralyze the target."
"610","hold-back","적당히손봐주기","hold-back","normal","physical","40","100","40","적당히 공격하여 상대의 HP를 반드시 1은 남긴다.","Leaves the target with at least 1 HP."
"611","infestation","엉겨붙기","infestation","bug","special","20","100","20","4-5턴 동안 상대에게 엉겨 붙어서 공격한다. 그동안 상대는 도망갈 수 없다.","Prevents the target from switching for four or five turns (seven turns if the user is holding Grip Claw). Causes damage to the target equal to 1/8 of its maximum HP (1/6 if the user is holding Binding Band), rounded down, at the end of each turn during effect. The target can still switch out if it is holding Shed Shell or uses Baton Pass, Flip Turn, Parting Shot, Shed Tail, Teleport, U-turn, or Volt Switch. The effect ends if either the user or the target leaves the field, or if the target uses Mortal Spin, Rapid Spin, or Substitute successfully. This effect is not stackable or reset by using this or another binding move."
"612","power-up-punch","그로우펀치","power-up-punch","fighting","physical","40","100","20","반복하여 때리면 점점 주먹이 단단해진다. 상대를 때리면 공격이 오른다.","Has a 100% chance to raise the user's Attack by 1 stage."
"613","oblivion-wing","데스윙","oblivion-wing","flying","special","80","100","10","조준한 상대로부터 HP를 흡수한다. 준 데미지의 반 이상 HP를 회복한다.","The user recovers 3/4 the HP lost by the target, rounded half up. If Big Root is held by the user, the HP recovered is 1.3x normal, rounded half down."
"614","thousand-arrows","사우전드애로","thousand-arrows","ground","physical","90","100","10","떠 있는 포켓몬도 맞힐 수 있다. 떠 있던 상대는 맞아서 땅에 떨어진다.","This move can hit airborne Pokemon, which includes Flying-type Pokemon, Pokemon with the Levitate Ability, Pokemon holding an Air Balloon, and Pokemon under the effect of Magnet Rise or Telekinesis. If the target is a Flying type and is not already grounded, this move deals neutral damage regardless of its other type(s). This move can hit a target using Bounce, Fly, or Sky Drop. If this move hits a target under the effect of Bounce, Fly, Magnet Rise, or Telekinesis, the effect ends. If the target is a Flying type that has not used Roost this turn or a Pokemon with the Levitate Ability, it loses its immunity to Ground-type attacks and the Arena Trap Ability as long as it remains active. During the effect, Magnet Rise fails for the target and Telekinesis fails against the target."
"615","thousand-waves","사우전드웨이브","thousand-waves","ground","physical","90","100","10","땅 위를 뻗어 나가는 파도로 공격한다. 파도에 휩쓸린 상대는 전투에서 도망칠 수 없게 된다.","Prevents the target from switching out. The target can still switch out if it is holding Shed Shell or uses Baton Pass, Flip Turn, Parting Shot, Teleport, U-turn, or Volt Switch. The effect ends if either the user or the target leaves the field."
"616","lands-wrath","그라운드포스","lands-wrath","ground","physical","90","100","10","대지의 힘을 모으고 그 힘을 상대에게 집중시켜서 데미지를 준다.","No additional effect."
"617","light-of-ruin","파멸의빛","light-of-ruin","fairy","special","140","90","5","영원의 꽃의 파워를 빌려서 강력한 광선을 쏜다. 자신도 상당한 데미지를 입는다.","If the target lost HP, the user takes recoil damage equal to 1/2 the HP lost by the target, rounded half up, but not less than 1 HP."
"618","origin-pulse","근원의파동","origin-pulse","water","special","110","85","10","파랗게 빛나는 무수한 광선으로 상대를 공격한다.","No additional effect."
"619","precipice-blades","단애의칼","precipice-blades","ground","physical","120","85","10","대지의 힘을 칼날로 바꿔 상대를 공격한다.","No additional effect."
"620","dragon-ascent","화룡점정","dragon-ascent","flying","physical","120","100","5","넓은 하늘에서 급속으로 강하하여 상대를 공격한다. 자신의 방어와 특수방어가 떨어진다.","Lowers the user's Defense and Special Defense by 1 stage."
"621","hyperspace-fury","이차원러시","hyperspace-fury","dark","physical","100","","5","많은 팔을 사용하여 방어와 판별을 무시하는 연속 공격이다. 자신의 방어가 떨어진다.","Lowers the user's Defense by 1 stage. This move cannot be used successfully unless the user's current form, while considering Transform, is Hoopa Unbound. If this move is successful, it breaks through the target's Baneful Bunker, Detect, King's Shield, Protect, or Spiky Shield for this turn, allowing other Pokemon to attack the target normally. If the target's side is protected by Crafty Shield, Mat Block, Quick Guard, or Wide Guard, that protection is also broken for this turn and other Pokemon may attack the target's side normally."
"622","breakneck-blitz--physical","울트라대시어택","breakneck-blitz--physical","normal","physical","","","1","Z파워로 기세를 몰아 전력으로 상대에게 부딪친다. 원래 기술에 따라 위력이 변한다.","Power is equal to the base move's Z-Power."
"623","breakneck-blitz--special","울트라대시어택","breakneck-blitz--special","normal","special","","","1","Dummy Data","Power is equal to the base move's Z-Power."
"624","all-out-pummeling--physical","전력무쌍격렬권","all-out-pummeling--physical","fighting","physical","","","1","Z파워로 만든 에너지 구슬을 전력으로 상대에게 부딪친다. 원래 기술에 따라 위력이 변한다.","Power is equal to the base move's Z-Power."
"625","all-out-pummeling--special","전력무쌍격렬권","all-out-pummeling--special","fighting","special","","","1","Dummy Data","Power is equal to the base move's Z-Power."
"626","supersonic-skystrike--physical","파이널다이브클래시","supersonic-skystrike--physical","flying","physical","","","1","Z파워로 기세 좋게 날아올라 상대를 향해 전력으로 낙하한다. 원래 기술에 따라 위력이 변한다.","Power is equal to the base move's Z-Power."
"627","supersonic-skystrike--special","파이널다이브클래시","supersonic-skystrike--special","flying","special","","","1","Dummy Data","Power is equal to the base move's Z-Power."
"628","acid-downpour--physical","애시드포이즌딜리트","acid-downpour--physical","poison","physical","","","1","Z파워로 독의 늪을 만들어 전력으로 상대를 가라앉힌다. 원래 기술에 따라 위력이 변한다.","Power is equal to the base move's Z-Power."
"629","acid-downpour--special","애시드포이즌딜리트","acid-downpour--special","poison","special","","","1","Dummy Data","Power is equal to the base move's Z-Power."
"630","tectonic-rage--physical","라이징랜드오버","tectonic-rage--physical","ground","physical","","","1","Z파워로 땅 깊숙이 파고들어 전력으로 상대에게 부딪친다. 원래 기술에 따라 위력이 변한다.","Power is equal to the base move's Z-Power."
"631","tectonic-rage--special","라이징랜드오버","tectonic-rage--special","ground","special","","","1","Dummy Data","Power is equal to the base move's Z-Power."
"632","continental-crush--physical","월즈엔드폴","continental-crush--physical","rock","physical","","","1","Z파워로 큰 바위산을 불러내 전력으로 상대에게 부딪친다. 원래 기술에 따라 위력이 변한다.","Power is equal to the base move's Z-Power."
"633","continental-crush--special","월즈엔드폴","continental-crush--special","rock","special","","","1","Dummy Data","Power is equal to the base move's Z-Power."
"634","savage-spin-out--physical","절대포식회전참","savage-spin-out--physical","bug","physical","","","1","Z파워로 뱉어낸 실이 전력으로 상대를 붙들어 맨다. 원래 기술에 따라 위력이 변한다.","Power is equal to the base move's Z-Power."
"635","savage-spin-out--special","절대포식회전참","savage-spin-out--special","bug","special","","","1","Dummy Data","Power is equal to the base move's Z-Power."
"636","never-ending-nightmare--physical","무한암야로의유인","never-ending-nightmare--physical","ghost","physical","","","1","Z파워로 불러낸 강한 원념이 전력으로 상대에게 쏟아진다. 원래 기술에 따라 위력이 변한다.","Power is equal to the base move's Z-Power."
"637","never-ending-nightmare--special","무한암야로의유인","never-ending-nightmare--special","ghost","special","","","1","Dummy Data","Power is equal to the base move's Z-Power."
"638","corkscrew-crash--physical","초월나선연격","corkscrew-crash--physical","steel","physical","","","1","Z파워로 고속 회전을 하여 전력으로 상대에게 부딪친다. 원래 기술에 따라 위력이 변한다.","Power is equal to the base move's Z-Power."
"639","corkscrew-crash--special","초월나선연격","corkscrew-crash--special","steel","special","","","1","Dummy Data","Power is equal to the base move's Z-Power."
"640","inferno-overdrive--physical","다이내믹풀플레임","inferno-overdrive--physical","fire","physical","","","1","Z파워로 활활 타는 불꽃을 뱉어내 전력으로 상대에게 부딪친다. 원래 기술에 따라 위력이 변한다.","Power is equal to the base move's Z-Power."
"641","inferno-overdrive--special","다이내믹풀플레임","inferno-overdrive--special","fire","special","","","1","Dummy Data","Power is equal to the base move's Z-Power."
"642","hydro-vortex--physical","슈퍼아쿠아토네이도","hydro-vortex--physical","water","physical","","","1","Z파워로 큰 바다회오리를 만들어 전력으로 상대를 집어삼킨다. 원래 기술에 따라 위력이 변한다.","Power is equal to the base move's Z-Power."
"643","hydro-vortex--special","슈퍼아쿠아토네이도","hydro-vortex--special","water","special","","","1","Dummy Data","Power is equal to the base move's Z-Power."
"644","bloom-doom--physical","블룸샤인엑스트라","bloom-doom--physical","grass","physical","","","1","Z파워로 화초들의 에너지를 빌려 전력으로 상대를 공격한다. 원래 기술에 따라 위력이 변한다.","Power is equal to the base move's Z-Power."
"645","bloom-doom--special","블룸샤인엑스트라","bloom-doom--special","grass","special","","","1","Dummy Data","Power is equal to the base move's Z-Power."
"646","gigavolt-havoc--physical","스파킹기가볼트","gigavolt-havoc--physical","electric","physical","","","1","Z파워로 비축한 강한 전기를 전력으로 상대에게 부딪친다. 원래 기술에 따라 위력이 변한다.","Power is equal to the base move's Z-Power."
"647","gigavolt-havoc--special","스파킹기가볼트","gigavolt-havoc--special","electric","special","","","1","Dummy Data","Power is equal to the base move's Z-Power."
"648","shattered-psyche--physical","맥시멈사이브레이커","shattered-psyche--physical","psychic","physical","","","1","Z파워로 상대를 조종해 전력으로 매서운 맛을 보여준다. 원래 기술에 따라 위력이 변한다.","Power is equal to the base move's Z-Power."
"649","shattered-psyche--special","맥시멈사이브레이커","shattered-psyche--special","psychic","special","","","1","Dummy Data","Power is equal to the base move's Z-Power."
"650","subzero-slammer--physical","레이징지오프리즈","subzero-slammer--physical","ice","physical","","","1","Z파워로 기온을 급격하게 떨어뜨려 전력으로 상대를 얼린다. 원래 기술에 따라 위력이 변한다.","Power is equal to the base move's Z-Power."
"651","subzero-slammer--special","레이징지오프리즈","subzero-slammer--special","ice","special","","","1","Dummy Data","Power is equal to the base move's Z-Power."
"652","devastating-drake--physical","얼티메이트드래곤번","devastating-drake--physical","dragon","physical","","","1","Z파워로 오라를 실체화시켜 전력으로 상대를 공격한다. 원래 기술에 따라 위력이 변한다.","Power is equal to the base move's Z-Power."
"653","devastating-drake--special","얼티메이트드래곤번","devastating-drake--special","dragon","special","","","1","Dummy Data","Power is equal to the base move's Z-Power."
"654","black-hole-eclipse--physical","블랙홀이클립스","black-hole-eclipse--physical","dark","physical","","","1","Z파워로 어둠의 에너지를 모아 전력으로 상대를 끌어당긴다. 원래 기술에 따라 위력이 변한다.","Power is equal to the base move's Z-Power."
"655","black-hole-eclipse--special","블랙홀이클립스","black-hole-eclipse--special","dark","special","","","1","Dummy Data","Power is equal to the base move's Z-Power."
"656","twinkle-tackle--physical","러블리스타임팩트","twinkle-tackle--physical","fairy","physical","","","1","Z파워로 매혹의 공간을 만들어 전력으로 상대를 가지고 논다. 원래 기술에 따라 위력이 변한다.","Power is equal to the base move's Z-Power."
"657","twinkle-tackle--special","러블리스타임팩트","twinkle-tackle--special","fairy","special","","","1","Dummy Data","Power is equal to the base move's Z-Power."
"658","catastropika","필살피카슛","catastropika","electric","physical","210","","1","Z파워로 최대 전력을 몸에 두른 피카츄가 전력으로 상대에게 덤벼든다.","No additional effect."
"659","shore-up","모래모으기","shore-up","ground","status","","","5","자신의 최대 HP 절반을 회복한다. 모래바람일 때는 많이 회복한다.","The user restores 1/2 of its maximum HP, rounded half down. If the weather is Sandstorm, the user instead restores 2/3 of its maximum HP, rounded half down."
"660","first-impression","만나자마자","first-impression","bug","physical","90","100","10","위력이 높은 기술이지만 배틀에 나가서 바로 쓰지 않으면 성공할 수 없다.","Fails unless it is the user's first turn on the field."
"661","baneful-bunker","토치카","baneful-bunker","poison","status","","","10","상대의 공격을 막음과 동시에 접촉한 상대에게 독을 퍼뜨린다.","The user is protected from most attacks made by other Pokemon during this turn, and Pokemon making contact with the user become poisoned. This move has a 1/X chance of being successful, where X starts at 1 and triples each time this move is successfully used. X resets to 1 if this move fails, if the user's last move used is not Baneful Bunker, Burning Bulwark, Detect, Endure, King's Shield, Max Guard, Obstruct, Protect, Quick Guard, Silk Trap, Spiky Shield, or Wide Guard, or if it was one of those moves and the user's protection was broken. Fails if the user moves last this turn."
"662","spirit-shackle","그림자꿰매기","spirit-shackle","ghost","physical","80","100","10","공격과 동시에 상대의 그림자를 꿰매 도망칠 수 없게 한다.","Prevents the target from switching out. The target can still switch out if it is holding Shed Shell or uses Baton Pass, Flip Turn, Parting Shot, Teleport, U-turn, or Volt Switch. The effect ends if either the user or the target leaves the field."
"663","darkest-lariat","DD래리어트","darkest-lariat","dark","physical","85","100","10","양팔을 돌려 상대에 부딪친다. 상대의 능력 변화에 상관없이 데미지를 준다.","Ignores the target's stat stage changes, including evasiveness."
"664","sparkling-aria","물거품아리아","sparkling-aria","water","special","90","100","10","노래 부르는 것으로 많은 벌룬을 방출한다. 기술에 맞으면 화상이 낫는다.","If the user has not fainted, the target is cured of its burn."
"665","ice-hammer","아이스해머","ice-hammer","ice","physical","100","90","10","강하고 무거운 주먹을 휘둘러 데미지를 준다. 자신의 스피드가 떨어진다.","Lowers the user's Speed by 1 stage."
"666","floral-healing","플라워힐","floral-healing","fairy","status","","","10","최대 HP의 절반만큼 상대의 HP를 회복한다. 그래스필드일 때 효과가 올라간다.","The target restores 1/2 of its maximum HP, rounded half up. If the terrain is Grassy Terrain, the target instead restores 2/3 of its maximum HP, rounded half down."
"667","high-horsepower","10만마력","high-horsepower","ground","physical","95","95","10","온몸을 써서 상대에게 맹렬히 어택한다.","No additional effect."
"668","strength-sap","힘흡수","strength-sap","grass","status","","100","10","상대 공격력과 동일하게 자신의 HP를 회복한다. 그리고 상대의 공격을 떨어뜨린다.","Lowers the target's Attack by 1 stage. The user restores its HP equal to the target's Attack stat calculated with its stat stage before this move was used. If Big Root is held by the user, the HP recovered is 1.3x normal, rounded half down. Fails if the target's Attack stat stage is -6."
"669","solar-blade","솔라블레이드","solar-blade","grass","physical","125","100","10","1턴째 빛을 가득하게 모으고 2턴째 그 힘을 검에 담아 공격한다.","This attack charges on the first turn and executes on the second. Power is halved if the weather is Hail, Heavy Rain, Rain, or Sandstorm and the user is not holding Utility Umbrella. If the user is holding a Power Herb or the weather is Intense Sun or Sun, the move completes in one turn. If the user is holding Utility Umbrella and the weather is Intense Sun or Sun, the move still requires a turn to charge."
"670","leafage","나뭇잎","leafage","grass","physical","40","100","40","잎을 상대에 맞춰 공격한다.","No additional effect."
"671","spotlight","스포트라이트","spotlight","normal","status","","","15","포켓몬에게 스포트라이트를 비춰 그 턴에서 그 포켓몬만 공격할 수 있게 한다.","Until the end of the turn, all single-target attacks from opponents of the target are redirected to the target. Such attacks are redirected to the target before they can be reflected by Magic Coat or the Magic Bounce Ability, or drawn in by the Lightning Rod or Storm Drain Abilities. Fails if it is not a Double Battle or Battle Royal."
"672","toxic-thread","독실","toxic-thread","poison","status","","100","20","독이 섞인 실을 뿜어낸다. 상대를 독 상태로 만들고 스피드를 떨어뜨린다.","Lowers the target's Speed by 1 stage and poisons it."
"673","laser-focus","예민해지기","laser-focus","normal","status","","","30","정신을 집중해서 다음 공격을 반드시 급소에 맞춘다.","Until the end of the next turn, the user's attacks will be critical hits."
"674","gear-up","어시스트기어","gear-up","steel","status","","","20","기어를 넣는 것으로 특성 플러스와 마이너스의 공격과 특수공격이 올라간다.","Raises the Attack and Special Attack of Pokemon on the user's side with the Plus or Minus Abilities by 1 stage."
"675","throat-chop","지옥찌르기","throat-chop","dark","physical","80","100","15","이 기술에 맞은 상대는 지옥의 고통 때문에 2턴 동안 소리 기술을 낼 수 없다.","For 2 turns, the target cannot use sound-based moves."
"676","pollen-puff","꽃가루경단","pollen-puff","bug","special","90","100","15","상대에게는 폭발하는 경단을 사용하여 공격한다. 같은 편에게는 회복하는 경단을 준다.","If the target is an ally, this move restores 1/2 of its maximum HP, rounded down, instead of dealing damage."
"677","anchor-shot","앵커샷","anchor-shot","steel","physical","80","100","20","앵커를 상대에게 휘감아서 공격한다. 상대는 도망칠 수 없게 된다.","Prevents the target from switching out. The target can still switch out if it is holding Shed Shell or uses Baton Pass, Flip Turn, Parting Shot, Teleport, U-turn, or Volt Switch. The effect ends if either the user or the target leaves the field."
"678","psychic-terrain","사이코필드","psychic-terrain","psychic","status","","","10","5턴 동안 땅에 있으면 선제공격을 받지 않는다. 에스퍼타입의 위력이 올라간다.","For 5 turns, the terrain becomes Psychic Terrain. During the effect, the power of Psychic-type attacks made by grounded Pokemon is multiplied by 1.3 and grounded Pokemon cannot be hit by moves with priority greater than 0, unless the target is an ally. Camouflage transforms the user into a Psychic type, Nature Power becomes Psychic, and Secret Power has a 30% chance to lower the target's Speed by 1 stage. Fails if the current terrain is Psychic Terrain."
"679","lunge","덤벼들기","lunge","bug","physical","80","100","15","전력으로 상대에게 덤벼들며 공격한다. 상대의 공격을 떨어뜨린다.","Has a 100% chance to lower the target's Attack by 1 stage."
"680","fire-lash","불꽃채찍","fire-lash","fire","physical","80","100","15","불타는 채찍으로 상대를 친다. 공격을 받은 상대는 방어가 떨어진다.","Has a 100% chance to lower the target's Defense by 1 stage."
"681","power-trip","기어오르기","power-trip","dark","physical","20","100","10","자신의 강함을 뻐기고 공격한다. 자신의 능력이 올라가 있는 만큼 위력이 오른다.","Power is equal to 20+(X*20), where X is the user's total stat stage changes that are greater than 0."
"682","burn-up","불사르기","burn-up","fire","special","130","100","5","전신의 불꽃을 모두 태워서 큰 데미지를 준다. 자신의 불꽃타입이 없어진다.","Fails unless the user is a Fire type. If this move is successful and the user is not Terastallized, the user's Fire type becomes typeless as long as it remains active."
"683","speed-swap","스피드스왑","speed-swap","psychic","status","","","10","상대의 스피드와 자신의 스피드를 교체한다.","The user swaps its Speed stat with the target. Stat stage changes are unaffected."
"684","smart-strike","스마트혼","smart-strike","steel","physical","70","","10","뾰족한 뿔로 상대를 꿰찔러서 공격한다. 공격은 반드시 명중한다.","This move does not check accuracy."
"685","purify","정화","purify","poison","status","","","20","상대의 상태 이상을 회복한다. 회복하면 자신은 HP를 회복할 수 있다.","The target is cured if it has a non-volatile status condition. If the target was cured, the user restores 1/2 of its maximum HP, rounded down."
"686","revelation-dance","잠재댄스","revelation-dance","normal","special","90","100","15","전력으로 춤추며 공격한다. 이 기술의 타입은 자신의 타입과 같아진다.","This move's type depends on the user's primary type. If the user's primary type is typeless, this move's type is the user's secondary type if it has one, otherwise the added type from Forest's Curse or Trick-or-Treat. This move is typeless if the user's type is typeless alone."
"687","core-enforcer","코어퍼니셔","core-enforcer","dragon","special","100","100","10","데미지를 준 상대가 이미 행동을 끝냈다면 상대의 특성을 없애버린다.","If the user moves after the target, the target's Ability is rendered ineffective as long as it remains active. If the target uses Baton Pass, the replacement will remain under this effect. If the target's Ability is As One, Battle Bond, Comatose, Disguise, Gulp Missile, Ice Face, Multitype, Power Construct, RKS System, Schooling, Shields Down, Stance Change, Tera Shift, Zen Mode, or Zero to Hero, this effect does not happen, and receiving the effect through Baton Pass ends the effect immediately."
"688","trop-kick","트로피컬킥","trop-kick","grass","physical","70","100","15","남쪽 나라에서 유래된 뜨거운 킥을 상대에게 날린다. 상대의 공격을 떨어뜨린다.","Has a 100% chance to lower the target's Attack by 1 stage."
"689","instruct","지휘","instruct","psychic","status","","","15","상대에게 지시하여 상대가 쓴 기술을 다시 한 번 쓰게 할 수 있다.","The target immediately uses its last used move. Fails if the target has not made a move, if the move has 0 PP, if the target is preparing to use Beak Blast, Focus Punch, or Shell Trap, or if the move is Assist, Beak Blast, Belch, Bide, Blazing Torque, Celebrate, Chatter, Combat Torque, Copycat, Dynamax Cannon, Focus Punch, Hold Hands, Ice Ball, Instruct, King's Shield, Magical Torque, Me First, Metronome, Mimic, Mirror Move, Nature Power, Noxious Torque, Obstruct, Outrage, Petal Dance, Rollout, Shell Trap, Sketch, Sleep Talk, Struggle, Thrash, Transform, Uproar, Wicked Torque, any two-turn move, or any recharge move."
"690","beak-blast","부리캐논","beak-blast","flying","physical","100","100","15","먼저 부리를 가열시킨 다음 공격을 날린다. 가열 중에 만지면 화상을 입는다.","If the user is hit by a contact move this turn before it can execute this move, the attacker is burned."
"691","clanging-scales","스케일노이즈","clanging-scales","dragon","special","110","100","5","전신의 비늘을 비벼서 큰 소리를 내 공격한다. 공격 후 자신의 방어가 떨어진다.","Lowers the user's Defense by 1 stage."
"692","dragon-hammer","드래곤해머","dragon-hammer","dragon","physical","90","100","15","몸을 해머처럼 써서 상대를 덮쳐 데미지를 준다.","No additional effect."
"693","brutal-swing","세차게휘두르기","brutal-swing","dark","physical","60","100","20","자신의 몸을 세차게 휘둘러서 상대에게 데미지를 준다.","No additional effect."
"694","aurora-veil","오로라베일","aurora-veil","ice","status","","","20","5턴 동안 물리와 특수 기술의 데미지를 약하게 한다. 싸라기눈일 때만 쓸 수 있다.","For 5 turns, the user and its party members take 0.5x damage from physical and special attacks, or 0.66x damage if in a Double Battle; does not reduce damage further with Reflect or Light Screen. Critical hits ignore this protection. It is removed from the user's side if the user or an ally is successfully hit by Brick Break, Psychic Fangs, or Defog. Brick Break and Psychic Fangs remove the effect before damage is calculated. Lasts for 8 turns if the user is holding Light Clay. Fails unless the weather is Snow."
"695","sinister-arrow-raid","섀도애로우즈스트라이크","sinister-arrow-raid","ghost","physical","180","","1","Z파워로 무수한 화살을 만들어낸 모크나이퍼가 전력으로 상대를 꿰뚫는 공격이다.","No additional effect."
"696","malicious-moonsault","하이퍼다크크러셔","malicious-moonsault","dark","physical","180","","1","Z파워로 강한 육체를 얻은 어흥염이 전력으로 상대에게 부딪쳐 공격한다.","Damage doubles and no accuracy check is done if the target has used Minimize while active."
"697","oceanic-operetta","바다의심포니","oceanic-operetta","water","special","195","","1","Z파워로 대량의 물을 부른 누리레느가 전력으로 상대를 공격한다.","No additional effect."
"698","guardian-of-alola","알로라의수호자","guardian-of-alola","fairy","special","","","1","Z파워로 알로라의 힘을 얻은 토속신포켓몬 전력의 공격. 상대의 남은 HP를 많이 줄인다.","Deals damage to the target equal to 3/4 of its current HP, rounded down, but not less than 1 HP."
"699","soul-stealing-7-star-strike","칠성탈혼퇴","soul-stealing-7-star-strike","ghost","physical","195","","1","Z파워를 얻은 마샤도가 펀치와 킥의 연속기술을 전력으로 상대에게 퍼붓는다.","No additional effect."
"700","stoked-sparksurfer","라이트닝서프라이드","stoked-sparksurfer","electric","special","175","","1","Z파워를 얻은 알로라지방의 라이츄가 전력으로 공격한다. 상대를 마비 상태로 만든다.","Has a 100% chance to paralyze the target."
"701","pulverizing-pancake","진심의공격","pulverizing-pancake","normal","physical","210","","1","Z파워로 진심을 낸 잠만보가 거대한 몸을 움직여서 전력으로 상대를 공격한다.","No additional effect."
"702","extreme-evoboost","나인이볼부스트","extreme-evoboost","normal","status","","","1","Z파워를 얻은 이브이가 진화한 동료들의 힘을 빌려 능력을 크게 올린다.","Raises the user's Attack, Defense, Special Attack, Special Defense, and Speed by 2 stages."
"703","genesis-supernova","오리진즈슈퍼노바","genesis-supernova","psychic","special","185","","1","Z파워를 얻은 뮤가 전력으로 상대를 공격한다. 발밑이 사이코필드가 된다.","If this move is successful, the terrain becomes Psychic Terrain."
"704","shell-trap","트랩셸","shell-trap","fire","special","150","100","5","껍질의 트랩을 설치한다. 상대가 물리 기술을 쓰면 폭발해서 데미지를 준다.","Fails unless the user is hit by a physical attack from an opponent this turn before it can execute the move. If the user was hit and has not fainted, it attacks immediately after being hit, and the effect ends. If the opponent's physical attack had a secondary effect removed by the Sheer Force Ability, it does not count for the purposes of this effect."
"705","fleur-cannon","플뢰르캐논","fleur-cannon","fairy","special","130","90","5","강력한 빔을 발산한 후 자신의 특수공격이 크게 떨어진다.","Lowers the user's Special Attack by 2 stages."
"706","psychic-fangs","사이코팽","psychic-fangs","psychic","physical","85","100","10","사이코 파워로 물어서 상대를 공격한다. 빛의장막이나 리플렉터도 파괴할 수 있다.","If this attack does not miss, the effects of Reflect, Light Screen, and Aurora Veil end for the target's side of the field before damage is calculated."
"707","stomping-tantrum","분함의발구르기","stomping-tantrum","ground","physical","75","100","10","분함을 발판삼아 공격한다. 앞 턴에서 기술이 빗나갔다면 위력이 배가 된다.","Power doubles if the user's last move on the previous turn, including moves called by other moves or those used through Instruct, Magic Coat, Snatch, or the Dancer or Magic Bounce Abilities, failed to do any of its normal effects, not including damage from an unsuccessful High Jump Kick, Jump Kick, or Mind Blown, or if the user was prevented from moving by any effect other than recharging or Sky Drop. A move that was blocked by Baneful Bunker, Detect, King's Shield, Protect, Spiky Shield, Crafty Shield, Mat Block, Quick Guard, or Wide Guard will not double this move's power, nor will Bounce or Fly ending early due to the effect of Gravity, Smack Down, or Thousand Arrows."
"708","shadow-bone","섀도본","shadow-bone","ghost","physical","85","100","10","영혼이 머물고 있는 뼈로 상대를 세게 때려서 공격한다. 상대의 방어를 떨어뜨릴 때가 있다.","Has a 20% chance to lower the target's Defense by 1 stage."
"709","accelerock","액셀록","accelerock","rock","physical","40","100","20","재빠른 스피드로 상대에게 부딪쳐서 공격한다. 반드시 선제공격할 수 있다.","No additional effect."
"710","liquidation","아쿠아브레이크","liquidation","water","physical","85","100","10","물의 힘으로 상대에게 부딪쳐서 공격한다. 상대의 방어를 떨어뜨릴 때가 있다.","Has a 20% chance to lower the target's Defense by 1 stage."
"711","prismatic-laser","프리즘레이저","prismatic-laser","psychic","special","160","100","10","프리즘의 힘으로 강력한 광선을 발사한다. 다음 턴은 움직일 수 없다.","If this move is successful, the user must recharge on the following turn and cannot select a move."
"712","spectral-thief","섀도스틸","spectral-thief","ghost","physical","90","100","10","상대의 그림자에 숨어들어 상대의 능력이 올라가는 것을 뺏어 공격한다.","The target's stat stages greater than 0 are stolen from it and applied to the user before dealing damage."
"713","sunsteel-strike","메테오드라이브","sunsteel-strike","steel","physical","100","100","5","유성 같은 기세로 돌진한다. 상대의 특성을 무시하고 공격할 수 있다.","This move and its effects ignore the Abilities of other Pokemon."
"714","moongeist-beam","섀도레이","moongeist-beam","ghost","special","100","100","5","괴상한 광선을 쏘아 공격한다. 상대의 특성을 무시하고 공격할 수 있다.","This move and its effects ignore the Abilities of other Pokemon."
"715","tearful-look","눈물그렁그렁","tearful-look","normal","status","","","20","눈물을 그렁그렁거려 상대의 전의를 상실하게 한다. 상대의 공격과 특수공격이 떨어진다.","Lowers the target's Attack and Special Attack by 1 stage."
"716","zing-zap","찌리리따끔따끔","zing-zap","electric","physical","80","100","10","상대에게 부딪쳐 강력한 전기를 날려서 찌리리따끔따끔하게 만든다. 상대를 풀죽게 만들 때가 있다.","Has a 30% chance to make the target flinch."
"717","natures-madness","자연의분노","natures-madness","fairy","special","","90","10","자연의 분노를 상대에게 부딪친다. 상대의 HP는 절반이 된다.","Deals damage to the target equal to half of its current HP, rounded down, but not less than 1 HP."
"718","multi-attack","멀티어택","multi-attack","normal","physical","120","100","10","높은 에너지를 둘러싸 상대에게 부딪쳐 공격한다. 메모리에 따라 타입이 바뀐다.","This move's type depends on the user's held Memory."
"719","10-000-000-volt-thunderbolt","1000만볼트","10-000-000-volt-thunderbolt","electric","special","195","","1","모자를 쓴 피카츄가 Z파워로 파워업한 전격을 쏜다. 급소에 맞기 쉽다.","Has a very high chance for a critical hit."
"720","mind-blown","깜짝헤드","mind-blown","fire","special","150","100","5","자신의 머리를 폭발시켜 주위의 모든 것을 공격한다. 자신도 데미지를 받는다.","Whether or not this move is successful and even if it would cause fainting, the user loses 1/2 of its maximum HP, rounded up, unless the user has the Magic Guard Ability. This move is prevented from executing and the user does not lose HP if any active Pokemon has the Damp Ability, or if this move is Fire type and the user is affected by Powder or the weather is Heavy Rain."
"721","plasma-fists","플라스마피스트","plasma-fists","electric","physical","100","100","15","전기를 두른 주먹으로 공격한다. 노말타입 기술을 전기타입으로 바꿔버린다.","If this move is successful, causes Normal-type moves to become Electric type this turn."
"722","photon-geyser","포톤가이저","photon-geyser","psychic","special","100","100","5","빛의 기둥으로 공격한다. 공격과 특수공격을 비교해서 높은 쪽으로 데미지를 준다.","This move becomes a physical attack if the user's Attack is greater than its Special Attack, including stat stage changes. This move and its effects ignore the Abilities of other Pokemon."
"723","light-that-burns-the-sky","하늘을태우는멸망의빛","light-that-burns-the-sky","psychic","special","200","","1","네크로즈마가 상대의 특성 효과를 무시하고 공격과 특수공격 중 높은 쪽으로 데미지를 준다.","This move becomes a physical attack if the user's Attack is greater than its Special Attack, including stat stage changes. This move and its effects ignore the Abilities of other Pokemon."
"724","searing-sunraze-smash","선샤인스매셔","searing-sunraze-smash","steel","physical","200","","1","Z파워를 얻은 솔가레오가 전력으로 공격한다. 상대의 특성 효과를 무시할 수 있다.","This move and its effects ignore the Abilities of other Pokemon."
"725","menacing-moonraze-maelstrom","문라이트블래스터","menacing-moonraze-maelstrom","ghost","special","200","","1","Z파워를 얻은 루나아라가 전력으로 공격한다. 상대의 특성 효과를 무시할 수 있다.","This move and its effects ignore the Abilities of other Pokemon."
"726","lets-snuggle-forever","투닥투닥프렌드타임","lets-snuggle-forever","fairy","physical","190","","1","Z파워를 얻은 따라큐가 전력으로 투닥투닥 공격한다.","No additional effect."
"727","splintered-stormshards","레이디얼에지스톰","splintered-stormshards","rock","physical","190","","1","Z파워를 얻은 루가루암이 전력으로 공격한다. 추가로 필드 상태를 없앤다.","Ends the effects of Electric Terrain, Grassy Terrain, Misty Terrain, and Psychic Terrain."
"728","clangorous-soulblaze","브레이징소울비트","clangorous-soulblaze","dragon","special","185","","1","Z파워를 얻은 짜랑고우거가 전력으로 상대를 공격한다. 추가로 자신의 능력이 올라간다.","Raises the user's Attack, Defense, Special Attack, Special Defense, and Speed by 1 stage."
"729","zippy-zap","파찌파찌액셀","zippy-zap","electric","physical","80","100","10","맹렬한 속도의 전격 공격. 반드시 선제공격할 수 있고 급소에 맞는다.","Has a 100% chance to raise the user's evasion by 1 stage."
"730","splishy-splash","참방참방서핑","splishy-splash","water","special","90","100","15","커다란 파도에 전기를 날리고 상대에게 부딪쳐서 공격한다. 마비 상태로 만들 때가 있다.","Has a 30% chance to paralyze the target."
"731","floaty-fall","둥실둥실폴","floaty-fall","flying","physical","90","95","15","두둥실 떠오른 다음 단숨에 급강하해서 공격한다. 상대를 풀죽게 만들 때가 있다.","Has a 30% chance to make the target flinch."
"732","pika-papow","피카피카썬더","pika-papow","electric","special","","","20","트레이너를 좋아하는 피카츄의 마음이 강할수록 위력이 올라가는 전격. 반드시 명중한다.","Power is equal to the greater of (user's Happiness * 2/5), rounded down, or 1."
"733","bouncy-bubble","생생버블","bouncy-bubble","water","special","60","100","20","물덩어리를 부딪쳐서 공격한다. 물을 흡수하여 데미지의 절반만큼 HP를 회복한다.","The user recovers 1/2 the HP lost by the target, rounded half up. If Big Root is held by the user, the HP recovered is 1.3x normal, rounded half down."
"734","buzzy-buzz","찌릿찌릿일렉","buzzy-buzz","electric","special","60","100","20","전기를 상대에게 날려서 공격한다. 상대를 마비 상태로 만든다.","Has a 100% chance to paralyze the foe."
"735","sizzly-slide","이글이글번","sizzly-slide","fire","physical","60","100","20","불꽃을 두른 몸으로 기세 좋게 상대에게 부딪친다. 상대를 화상 상태로 만든다.","Has a 100% chance to burn the foe."
"736","glitzy-glow","콸콸오라","glitzy-glow","psychic","special","80","95","15","염동력을 한가득 날린다. 상대의 특수공격을 약하게 만드는 이상한 장막을 만든다.","This move summons Light Screen for 5 turns upon use."
"737","baddy-bad","아그아그존","baddy-bad","dark","special","80","95","15","악함을 어필해서 공격한다. 상대의 물리공격을 약하게 만드는 이상한 장막을 만든다.","This move summons Reflect for 5 turns upon use."
"738","sappy-seed","쑥쑥봄버","sappy-seed","grass","physical","100","90","10","거대한 덩굴을 자라게 하고 씨를 흩뿌려서 공격한다. 씨는 매 턴 상대의 HP를 흡수한다.","This move summons Leech Seed on the foe."
"739","freezy-frost","꽁꽁프로스트","freezy-frost","ice","special","100","90","10","차갑게 얼어붙은 흑안개의 결정으로 공격한다. 전원의 능력 변화를 원래대로 돌린다.","Resets the stat stages of all active Pokemon to 0."
"740","sparkly-swirl","반짝반짝스톰","sparkly-swirl","fairy","special","120","85","5","숨 막힐 듯 진한 향기의 회오리로 상대를 휘감아 공격한다. 같은 편의 상태 이상을 회복한다.","Every Pokemon in the user's party is cured of its non-volatile status condition."
"741","veevee-volley","브이브이브레이크","veevee-volley","normal","physical","","","20","트레이너를 좋아하는 이브이의 마음이 강할수록 위력이 올라가는 몸통박치기. 반드시 명중한다.","Power is equal to the greater of (user's Happiness * 2/5), rounded down, or 1."
"742","double-iron-bash","더블펀처","double-iron-bash","steel","physical","60","100","5","가슴의 너트를 축으로 회전시켜 2번 연속 팔로 힘껏 친다. 상대를 풀죽게 만들 때가 있다.","Hits twice. If the first hit breaks the target's substitute, it will take damage for the second hit. Has a 30% chance to make the target flinch."
"743","max-guard","다이월","max-guard","normal","status","","","10","상대의 공격을 전혀 받지 않는다. 연속으로 쓰면 실패하기 쉽다.","The user is protected from nearly all attacks made by other Pokemon during this turn, including Max and G-Max Moves. This move has a 1/X chance of being successful, where X starts at 1 and triples each time this move is successfully used. X resets to 1 if this move fails, if the user's last move used is not Baneful Bunker, Detect, Endure, King's Shield, Max Guard, Obstruct, Protect, Quick Guard, Spiky Shield, or Wide Guard, or if it was one of those moves and the user's protection was broken. Fails if the user moves last this turn."
"744","dynamax-cannon","다이맥스포","dynamax-cannon","dragon","special","100","100","5","코어에서 빔을 발사해서 공격한다. 상대가 다이맥스 중이면 데미지가 2배가 된다.","No additional effect."
"745","snipe-shot","노려맞히기","snipe-shot","water","special","80","100","15","상대의 기술을 끌어모으는 특성이나 기술의 영향을 무시하고 선택한 상대를 공격할 수 있다.","Has a higher chance for a critical hit. This move cannot be redirected to a different target by any effect."
"746","jaw-lock","물고버티기","jaw-lock","dark","physical","80","100","10","어느 한쪽이 기절할 때까지 교체할 수 없게 된다. 한쪽의 포켓몬이 없어지면 효과가 사라진다.","Prevents the user and the target from switching out. The user and the target can still switch out if either of them is holding Shed Shell or uses Baton Pass, Flip Turn, Parting Shot, Teleport, U-turn, or Volt Switch. The effect ends if either the user or the target leaves the field."
"747","stuff-cheeks","볼가득넣기","stuff-cheeks","normal","status","","","10","지니고 있는 나무열매를 먹고 방어를 크게 올린다.","This move cannot be selected unless the user is holding a Berry. The user eats its Berry and raises its Defense by 2 stages. This effect is not prevented by the Klutz or Unnerve Abilities, or the effects of Embargo or Magic Room. Fails if the user is not holding a Berry."
"748","no-retreat","배수의진","no-retreat","fighting","status","","","5","자신의 모든 능력이 올라가지만 교체하거나 도망칠 수 없게 된다.","Raises the user's Attack, Defense, Special Attack, Special Defense, and Speed by 1 stage, but it becomes prevented from switching out. The user can still switch out if it uses Baton Pass, Flip Turn, Parting Shot, Teleport, U-turn, or Volt Switch. Fails if the user has already been prevented from switching by this effect."
"749","tar-shot","타르샷","tar-shot","rock","status","","100","15","끈적끈적한 타르를 날려서 상대의 스피드를 떨어뜨린다. 상대는 불꽃이 약점이 된다.","Lowers the target's Speed by 1 stage. Until the target switches out, the effectiveness of Fire-type moves is doubled against it."
"750","magic-powder","마법가루","magic-powder","psychic","status","","100","20","마법가루를 날려서 상대를 에스퍼타입으로 바꾼다.","Causes the target to become a Psychic type. Fails if the target is an Arceus or a Silvally, if the target is already purely Psychic type, or if the target is Terastallized."
"751","dragon-darts","드래곤애로","dragon-darts","dragon","physical","50","100","10","드라꼰으로 2번 공격한다. 상대가 2마리일 때는 각각 1번씩 공격한다.","Hits twice. If the first hit breaks the target's substitute, it will take damage for the second hit. In Double Battles, this move attempts to hit the targeted Pokemon and its ally once each. If hitting one of these Pokemon would be prevented by immunity, protection, semi-invulnerability, an Ability, or accuracy, it attempts to hit the other Pokemon twice instead. If this move is redirected, it hits that target twice."
"752","teatime","다과회","teatime","normal","status","","","10","다과회를 열어서 배틀에 나와 있는 포켓몬이 각각 지니고 있는 나무열매를 먹는다.","All active Pokemon consume their held Berries. This effect is not prevented by substitutes, the Klutz or Unnerve Abilities, or the effects of Embargo or Magic Room. Fails if no active Pokemon is holding a Berry."
"753","octolock","문어굳히기","octolock","fighting","status","","100","15","상대를 도망칠 수 없게 한다. 굳히기에 당한 상대는 매 턴 방어와 특수방어가 떨어진다.","Prevents the target from switching out. At the end of each turn during effect, the target's Defense and Special Defense are lowered by 1 stage. The target can still switch out if it is holding Shed Shell or uses Baton Pass, Flip Turn, Parting Shot, Teleport, U-turn, or Volt Switch. The effect ends if either the user or the target leaves the field."
"754","bolt-beak","전격부리","bolt-beak","electric","physical","85","100","10","전기를 두른 부리로 찌른다. 상대보다 먼저 공격하면 기술의 위력은 2배가 된다.","Power doubles if the user moves before the target."
"755","fishious-rend","아가미물기","fishious-rend","water","physical","85","100","10","단단한 아가미로 문다. 상대보다 먼저 공격하면 기술의 위력은 2배가 된다.","Power doubles if the user moves before the target."
"756","court-change","코트체인지","court-change","normal","status","","100","10","이상한 힘으로 서로의 필드 효과를 교체한다.","Switches the Mist, Light Screen, Reflect, Spikes, Safeguard, Tailwind, Toxic Spikes, Stealth Rock, Water Pledge, Fire Pledge, Grass Pledge, Sticky Web, Aurora Veil, G-Max Steelsurge, G-Max Cannonade, G-Max Vine Lash, and G-Max Wildfire effects from the user's side to the opposing side and vice versa."
"757","max-flare","다이번","max-flare","fire","physical","100","","10","다이맥스한 포켓몬이 날리는 불꽃타입의 공격. 5턴 동안 햇살을 강하게 만든다.","Power is equal to the base move's Max Move power. If this move is successful, the effect of Sun begins. This effect does not happen if the user is not Dynamaxed. If this move is used as a base move, it deals damage with a power of 0."
"758","max-flutterby","다이웜","max-flutterby","bug","physical","10","","10","다이맥스한 포켓몬이 날리는 벌레타입의 공격. 상대의 특수공격을 떨어뜨린다.","Power is equal to the base move's Max Move power. If this move is successful, the Special Attack of each Pokemon on the opposing side is lowered by 1 stage, even if they have a substitute. This effect does not happen if the user is not Dynamaxed. If this move is used as a base move, it deals damage with a power of 0."
"759","max-lightning","다이썬더","max-lightning","electric","physical","10","","10","다이맥스한 포켓몬이 날리는 전기타입의 공격. 5턴 동안 일렉트릭필드로 만든다.","Power is equal to the base move's Max Move power. If this move is successful, the effect of Electric Terrain begins. This effect does not happen if the user is not Dynamaxed. If this move is used as a base move, it deals damage with a power of 0."
"760","max-strike","다이어택","max-strike","normal","physical","10","","10","다이맥스한 포켓몬이 날리는 노말타입의 공격. 상대의 스피드를 떨어뜨린다.","Power is equal to the base move's Max Move power. If this move is successful, the Speed of each Pokemon on the opposing side is lowered by 1 stage, even if they have a substitute. This effect does not happen if the user is not Dynamaxed. If this move is used as a base move, it deals damage with a power of 0."
"761","max-knuckle","다이너클","max-knuckle","fighting","physical","10","","10","다이맥스한 포켓몬이 날리는 격투타입의 공격. 같은 편의 공격을 올린다.","Boosts the user and its allies' Attack by 1 stage. BP scales with the base move's BP. This effect does not happen if the user is not Dynamaxed. If this move is used as a base move, it deals damage with a power of 0."
"762","max-phantasm","다이할로우","max-phantasm","ghost","physical","10","","10","다이맥스한 포켓몬이 날리는 고스트타입의 공격. 상대의 방어를 떨어뜨린다.","Power is equal to the base move's Max Move power. If this move is successful, the Defense of each Pokemon on the opposing side is lowered by 1 stage, even if they have a substitute. This effect does not happen if the user is not Dynamaxed. If this move is used as a base move, it deals damage with a power of 0."
"763","max-hailstorm","다이아이스","max-hailstorm","ice","physical","10","","10","다이맥스한 포켓몬이 날리는 얼음타입의 공격. 5턴 동안 싸라기눈을 내리게 한다.","Power is equal to the base move's Max Move power. If this move is successful, the effect of Hail begins. This effect does not happen if the user is not Dynamaxed. If this move is used as a base move, it deals damage with a power of 0."
"764","max-ooze","다이애시드","max-ooze","poison","physical","10","","10","다이맥스한 포켓몬이 날리는 독타입의 공격. 같은 편의 특수공격을 올린다.","Power is equal to the base move's Max Move power. If this move is successful, the Special Attack of each Pokemon on the user's side is raised by 1 stage, even if they have a substitute. This effect does not happen if the user is not Dynamaxed. If this move is used as a base move, it deals damage with a power of 0."
"765","max-geyser","다이스트림","max-geyser","water","physical","10","","10","다이맥스한 포켓몬이 날리는 물타입의 공격. 5턴 동안 비를 내리게 한다.","Power is equal to the base move's Max Move power. If this move is successful, the effect of Rain begins. This effect does not happen if the user is not Dynamaxed. If this move is used as a base move, it deals damage with a power of 0."
"766","max-airstream","다이제트","max-airstream","flying","physical","10","","10","다이맥스한 포켓몬이 날리는 비행타입의 공격. 같은 편의 스피드를 올린다.","Power is equal to the base move's Max Move power. If this move is successful, the Speed of each Pokemon on the user's side is raised by 1 stage, even if they have a substitute. This effect does not happen if the user is not Dynamaxed. If this move is used as a base move, it deals damage with a power of 0."
"767","max-starfall","다이페어리","max-starfall","fairy","physical","10","","10","다이맥스한 포켓몬이 날리는 페어리타입의 공격. 5턴 동안 미스트필드로 만든다.","Power is equal to the base move's Max Move power. If this move is successful, the effect of Misty Terrain begins. This effect does not happen if the user is not Dynamaxed. If this move is used as a base move, it deals damage with a power of 0."
"768","max-wyrmwind","다이드라군","max-wyrmwind","dragon","physical","10","","10","다이맥스한 포켓몬이 날리는 드래곤타입의 공격. 상대의 공격을 떨어뜨린다.","Power is equal to the base move's Max Move power. If this move is successful, the Attack of each Pokemon on the opposing side is lowered by 1 stage, even if they have a substitute. This effect does not happen if the user is not Dynamaxed. If this move is used as a base move, it deals damage with a power of 0."
"769","max-mindstorm","다이사이코","max-mindstorm","psychic","physical","10","","10","다이맥스한 포켓몬이 날리는 에스퍼타입의 공격. 5턴 동안 사이코필드로 만든다.","Power is equal to the base move's Max Move power. If this move is successful, the effect of Psychic Terrain begins. This effect does not happen if the user is not Dynamaxed. If this move is used as a base move, it deals damage with a power of 0."
"770","max-rockfall","다이록","max-rockfall","rock","physical","10","","10","다이맥스한 포켓몬이 날리는 바위타입의 공격. 5턴 동안 날씨를 모래바람으로 만든다.","Power is equal to the base move's Max Move power. If this move is successful, the effect of Sandstorm begins. This effect does not happen if the user is not Dynamaxed. If this move is used as a base move, it deals damage with a power of 0."
"771","max-quake","다이어스","max-quake","ground","physical","10","","10","다이맥스한 포켓몬이 날리는 땅타입의 공격. 같은 편의 특수방어를 올린다.","Power is equal to the base move's Max Move power. If this move is successful, the Special Defense of each Pokemon on the user's side is raised by 1 stage, even if they have a substitute. This effect does not happen if the user is not Dynamaxed. If this move is used as a base move, it deals damage with a power of 0."
"772","max-darkness","다이아크","max-darkness","dark","physical","10","","10","다이맥스한 포켓몬이 날리는 악타입의 공격. 상대의 특수방어를 떨어뜨린다.","Power is equal to the base move's Max Move power. If this move is successful, the Special Defense of each Pokemon on the opposing side is lowered by 1 stage, even if they have a substitute. This effect does not happen if the user is not Dynamaxed. If this move is used as a base move, it deals damage with a power of 0."
"773","max-overgrowth","다이그래스","max-overgrowth","grass","physical","10","","10","다이맥스한 포켓몬이 날리는 풀타입의 공격. 5턴 동안 그래스필드로 만든다.","Power is equal to the base move's Max Move power. If this move is successful, the effect of Grassy Terrain begins. This effect does not happen if the user is not Dynamaxed. If this move is used as a base move, it deals damage with a power of 0."
"774","max-steelspike","다이스틸","max-steelspike","steel","physical","10","","10","다이맥스한 포켓몬이 날리는 강철타입의 공격. 같은 편의 방어를 올린다.","Power is equal to the base move's Max Move power. If this move is successful, the Defense of each Pokemon on the user's side is raised by 1 stage, even if they have a substitute. This effect does not happen if the user is not Dynamaxed. If this move is used as a base move, it deals damage with a power of 0."
"775","clangorous-soul","소울비트","clangorous-soul","dragon","status","","100","5","자신의 HP를 조금 깎아서 모든 능력을 올린다.","Raises the user's Attack, Defense, Special Attack, Special Defense, and Speed by 1 stage in exchange for the user losing 33% of its maximum HP, rounded down. Fails if the user would faint or if its Attack, Defense, Special Attack, Special Defense, and Speed stat stages would not change."
"776","body-press","바디프레스","body-press","fighting","physical","80","100","10","몸을 부딪쳐서 공격한다. 방어가 높을수록 주는 데미지가 올라간다.","Damage is calculated using the user's Defense stat as its Attack, including stat stage changes. Other effects that modify the Attack stat are used as normal."
"777","decorate","데코레이션","decorate","fairy","status","","","15","데코레이션을 해서 상대의 공격과 특수공격을 크게 올린다.","Raises the target's Attack and Special Attack by 2 stages."
"778","drum-beating","드럼어택","drum-beating","grass","physical","80","100","10","드럼의 뿌리를 연주로 조종해서 공격하는 것으로 상대의 스피드를 떨어뜨린다.","Has a 100% chance to lower the target's Speed by 1 stage."
"779","snap-trap","집게덫","snap-trap","grass","physical","35","100","15","집게덫으로 붙잡은 뒤 4-5턴 동안 상대를 끼워서 공격한다.","Prevents the target from switching for four or five turns (seven turns if the user is holding Grip Claw). Causes damage to the target equal to 1/8 of its maximum HP (1/6 if the user is holding Binding Band), rounded down, at the end of each turn during effect. The target can still switch out if it is holding Shed Shell or uses Baton Pass, Flip Turn, Parting Shot, Shed Tail, Teleport, U-turn, or Volt Switch. The effect ends if either the user or the target leaves the field, or if the target uses Mortal Spin, Rapid Spin, or Substitute successfully. This effect is not stackable or reset by using this or another binding move."
"780","pyro-ball","화염볼","pyro-ball","fire","physical","120","90","5","작은 돌을 태운 불꽃의 공으로 상대를 공격한다. 화상 상태로 만들 때가 있다.","Has a 10% chance to burn the target."
"781","behemoth-blade","거수참","behemoth-blade","steel","physical","100","100","5","거대한 검이 되어 베어버린다. 상대가 다이맥스 중이면 데미지가 2배가 된다.","No additional effect."
"782","behemoth-bash","거수탄","behemoth-bash","steel","physical","100","100","5","거대한 방패가 되어 부딪친다. 상대가 다이맥스 중이면 데미지가 2배가 된다.","No additional effect."
"783","aura-wheel","오라휠","aura-wheel","electric","physical","110","100","10","볼주머니에 저장해둔 에너지로 공격하고 자신의 스피드를 올린다. 모르페코의 모습에 따라 타입이 바뀐다.","Has a 100% chance to raise the user's Speed by 1 stage. If the user is a Morpeko in Full Belly Mode, this move is Electric type. If the user is a Morpeko in Hangry Mode, this move is Dark type. This move cannot be used successfully unless the user's current form, while considering Transform, is Full Belly or Hangry Mode Morpeko."
"784","breaking-swipe","와이드브레이커","breaking-swipe","dragon","physical","60","100","15","강인한 꼬리를 세차게 휘둘러서 상대를 공격한다. 상대의 공격을 떨어뜨린다.","Has a 100% chance to lower the target's Attack by 1 stage."
"785","branch-poke","가지찌르기","branch-poke","grass","physical","40","100","40","날카롭고 뾰족한 가지로 상대를 찔러서 공격한다.","No additional effect."
"786","overdrive","오버드라이브","overdrive","electric","special","80","100","10","기타나 베이스를 쳐서 큰 울림과 강한 진동을 상대에게 전달하여 공격한다.","No additional effect."
"787","apple-acid","사과산","apple-acid","grass","special","80","100","10","새콤한 사과에서 만들어 낸 산성 액체로 공격한다. 상대의 특수방어를 떨어뜨린다.","Has a 100% chance to lower the target's Special Defense by 1 stage."
"788","grav-apple","G의힘","grav-apple","grass","physical","80","100","10","높은 곳에서 사과를 떨어뜨려서 데미지를 준다. 상대의 방어를 떨어뜨린다.","Has a 100% chance to lower the target's Defense by 1 stage. Power is multiplied by 1.5 during Gravity's effect."
"789","spirit-break","소울크래시","spirit-break","fairy","physical","75","100","15","맞으면 기가 꺾여버릴 것 같은 기세로 공격한다. 상대의 특수공격을 떨어뜨린다.","Has a 100% chance to lower the target's Special Attack by 1 stage."
"790","strange-steam","원더스팀","strange-steam","fairy","special","90","95","10","연기를 분출해서 상대를 공격한다. 혼란시킬 때가 있다.","Has a 20% chance to confuse the target."
"791","life-dew","생명의물방울","life-dew","water","status","","","10","신비한 물을 흩뿌려서 자신과 배틀에 나와 있는 같은 편의 HP를 회복한다.","Each Pokemon on the user's side restores 1/4 of its maximum HP, rounded half up."
"792","obstruct","블로킹","obstruct","dark","status","","100","10","상대의 공격을 전혀 받지 않는다. 연속으로 쓰면 실패하기 쉽다. 접촉한 상대의 방어를 크게 떨어뜨린다.","The user is protected from most attacks made by other Pokemon during this turn, and Pokemon trying to make contact with the user have their Defense lowered by 2 stages. Non-damaging moves go through this protection. This move has a 1/X chance of being successful, where X starts at 1 and triples each time this move is successfully used. X resets to 1 if this move fails, if the user's last move used is not Baneful Bunker, Burning Bulwark, Detect, Endure, King's Shield, Max Guard, Obstruct, Protect, Quick Guard, Silk Trap, Spiky Shield, or Wide Guard, or if it was one of those moves and the user's protection was broken. Fails if the user moves last this turn."
"793","false-surrender","사죄의찌르기","false-surrender","dark","physical","80","","10","고개를 숙이는 척하면서 흐트러진 머리카락으로 찌른다. 공격은 반드시 명중한다.","This move does not check accuracy."
"794","meteor-assault","스타어설트","meteor-assault","fighting","physical","150","100","5","굵은 줄기를 휘둘러서 공격한다. 단 자신도 비틀거리기 때문에 다음 턴은 움직일 수 없다.","If this move is successful, the user must recharge on the following turn and cannot select a move."
"795","eternabeam","무한다이빔","eternabeam","dragon","special","160","90","5","본래의 모습이 된 무한다이노 최대의 공격. 다음 턴은 움직일 수 없다.","If this move is successful, the user must recharge on the following turn and cannot select a move."
"796","steel-beam","철제광선","steel-beam","steel","special","140","95","5","전신에서 끌어모은 강철을 빔으로 바꿔 세차게 발사한다. 자신도 데미지를 받는다.","Whether or not this move is successful and even if it would cause fainting, the user loses 1/2 of its maximum HP, rounded up, unless the user has the Magic Guard Ability."
"797","expanding-force","와이드포스","expanding-force","psychic","special","80","100","10","사이코 파워로 상대를 공격한다. 사이코필드일 때는 위력이 오르며 모든 상대에게 데미지를 준다.","If the current terrain is Psychic Terrain and the user is grounded, this move hits all opposing Pokemon and has its power multiplied by 1.5."
"798","steel-roller","아이언롤러","steel-roller","steel","physical","130","100","5","필드를 파괴하면서 공격한다. 필드가 어떤 상태로든 변해 있지 않은 경우 기술은 실패한다.","Fails if there is no terrain active. Ends the effects of Electric Terrain, Grassy Terrain, Misty Terrain, and Psychic Terrain."
"799","scale-shot","스케일샷","scale-shot","dragon","physical","25","90","20","비늘을 쏘아서 공격한다. 2-5회 동안 연속으로 쓴다. 스피드가 올라가지만 방어가 떨어진다.","Hits two to five times. Lowers the user's Defense by 1 stage and raises the user's Speed by 1 stage after the last hit. Has a 35% chance to hit two or three times and a 15% chance to hit four or five times. If one of the hits breaks the target's substitute, it will take damage for the remaining hits. If the user has the Skill Link Ability, this move will always hit five times. If the user is holding Loaded Dice, this move will hit 4-5 times."
"800","meteor-beam","메테오빔","meteor-beam","rock","special","120","90","10","1턴째에 우주의 힘을 모아서 특수공격을 올리고 2턴째에 상대를 공격한다.","This attack charges on the first turn and executes on the second. Raises the user's Special Attack by 1 stage on the first turn. If the user is holding a Power Herb, the move completes in one turn."
"801","shell-side-arm","셸암즈","shell-side-arm","poison","special","90","100","10","물리와 특수 중 더 많은 데미지를 줄 수 있는 능력으로 공격한다. 독 상태로 만들 때가 있다.","Has a 20% chance to poison the target. This move becomes a physical attack that makes contact if the value of ((((2 * the user's level / 5 + 2) * 90 * X) / Y) / 50), where X is the user's Attack stat and Y is the target's Defense stat, is greater than the same value where X is the user's Special Attack stat and Y is the target's Special Defense stat. No stat modifiers other than stat stage changes are considered for this purpose. If the two values are equal, this move chooses a damage category at random."
"802","misty-explosion","미스트버스트","misty-explosion","fairy","special","100","100","5","자신의 주위에 있는 모두를 공격하지만 사용하면 기절한다. 미스트필드일 때 위력이 올라간다.","If the current terrain is Misty Terrain and the user is grounded, this move's power is multiplied by 1.5. The user faints after using this move, even if this move fails for having no target. This move is prevented from executing if any active Pokemon has the Damp Ability."
"803","grassy-glide","그래스슬라이더","grassy-glide","grass","physical","55","100","20","지면에 미끄러지듯 상대를 공격한다. 그래스필드일 때 반드시 선제공격할 수 있다.","If the current terrain is Grassy Terrain and the user is grounded, this move has its priority increased by 1."
"804","rising-voltage","라이징볼트","rising-voltage","electric","special","70","100","20","지면에서 올라오는 전격으로 공격한다. 상대가 일렉트릭필드 위에 있을 때 기술의 위력이 2배가 된다.","If the current terrain is Electric Terrain and the target is grounded, this move's power is doubled."
"805","terrain-pulse","대지의파동","terrain-pulse","normal","special","50","100","10","필드의 힘을 빌려서 공격한다. 사용했을 때의 필드 상태에 따라서 기술 타입과 위력이 바뀐다.","Power doubles if the user is grounded and a terrain is active, and this move's type changes to match. Electric type during Electric Terrain, Grass type during Grassy Terrain, Fairy type during Misty Terrain, and Psychic type during Psychic Terrain."
"806","skitter-smack","엄습하는일격","skitter-smack","bug","physical","70","90","10","배후에서 엄습해서 공격한다. 상대의 특수공격을 떨어뜨린다.","Has a 100% chance to lower the target's Special Attack by 1 stage."
"807","burning-jealousy","질투의불꽃","burning-jealousy","fire","special","70","100","5","질투의 에너지로 상대를 공격한다. 그 턴에 능력이 올라간 포켓몬을 화상 상태로 만든다.","Has a 100% chance to burn the target if it had a stat stage raised this turn."
"808","lash-out","분풀이","lash-out","dark","physical","75","100","5","상대에 대한 울분이 담긴 공격을 한다. 그 턴에 능력이 떨어져 있으면 기술의 위력이 2배가 된다.","Power doubles if the user had a stat stage lowered this turn."
"809","poltergeist","폴터가이스트","poltergeist","ghost","physical","110","90","5","상대의 지닌 물건을 조종해서 공격한다. 상대가 도구를 지니고 있지 않으면 실패한다.","Fails if the target has no held item."
"810","corrosive-gas","부식가스","corrosive-gas","poison","status","","100","40","주위에 있는 모든 것을 강력한 산성 가스로 뒤덮어서 지니고 있는 도구를 녹여버린다.","The target loses its held item. This move cannot cause Pokemon with the Sticky Hold Ability to lose their held item or cause a Kyogre, Groudon, Dialga, Palkia, Giratina, Arceus, Genesect, Silvally, Zacian, Zamazenta, Paradox Pokemon, or Ogerpon to lose their Blue Orb, Red Orb, Adamant Crystal, Lustrous Globe, Griseous Core, Plate, Drive, Memory, Rusted Sword, Rusted Shield, Booster Energy, or Mask, respectively. In this case, Paradox Pokemon include every species with the Protosynthesis and Quark Drive Abilities, except Gouging Fire, Raging Bolt, Iron Boulder, and Iron Crown. Items lost to this move cannot be regained with Recycle or the Harvest Ability."
"811","coaching","코칭","coaching","fighting","status","","","10","적절한 지도를 통해서 같은 편 전원의 공격과 방어를 올린다.","Raises the target's Attack and Defense by 1 stage. Fails if there is no ally adjacent to the user."
"812","flip-turn","퀵턴","flip-turn","water","physical","60","100","20","공격한 뒤 굉장한 스피드로 돌아와서 교대 포켓몬과 교체한다.","If this move is successful and the user has not fainted, the user switches out even if it is trapped and is replaced immediately by a selected party member. The user does not switch out if there are no unfainted party members, or if the target switched out using an Eject Button or through the effect of the Emergency Exit or Wimp Out Abilities."
"813","triple-axel","트리플악셀","triple-axel","ice","physical","20","90","10","3회 연속으로 킥을 날려 공격한다. 기술이 맞을 때마다 위력이 올라간다.","Hits three times. Power increases to 40 for the second hit and 60 for the third. This move checks accuracy for each hit, and the attack ends if the target avoids a hit. If one of the hits breaks the target's substitute, it will take damage for the remaining hits. If the user has the Skill Link Ability, this move will always hit three times."
"814","dual-wingbeat","더블윙","dual-wingbeat","flying","physical","40","90","10","날개를 상대에게 부딪쳐서 공격한다. 2회 연속으로 데미지를 준다.","Hits twice. If the first hit breaks the target's substitute, it will take damage for the second hit."
"815","scorching-sands","열사의대지","scorching-sands","ground","special","70","100","10","뜨겁게 달궈진 모래를 상대에게 부딪쳐서 공격한다. 화상 상태로 만들 때가 있다.","Has a 30% chance to burn the target. The target thaws out if it is frozen."
"816","jungle-healing","정글힐","jungle-healing","grass","status","","","10","정글과 하나가 되어 자신과 배틀에 나와 있는 같은 편의 HP와 모든 상태를 회복한다.","Each Pokemon on the user's side restores 1/4 of its maximum HP, rounded half up, and has its status condition cured."
"817","wicked-blow","암흑강타","wicked-blow","dark","physical","75","100","5","악의 태세가 극에 달하여 강렬한 일격을 날린다. 반드시 급소에 맞는다.","This move is always a critical hit unless the target is under the effect of Lucky Chant or has the Battle Armor or Shell Armor Abilities."
"818","surging-strikes","수류연타","surging-strikes","water","physical","25","100","5","물의 태세가 극에 달하여 물 흐르듯 3회의 연격을 날린다. 반드시 급소에 맞는다.","Hits three times. This move is always a critical hit unless the target is under the effect of Lucky Chant or has the Battle Armor or Shell Armor Abilities."
"819","thunder-cage","썬더프리즌","thunder-cage","electric","special","80","90","15","전기가 흐르는 우리 안에 4-5턴 동안 상대를 가두어 공격한다.","Prevents the target from switching for four or five turns (seven turns if the user is holding Grip Claw). Causes damage to the target equal to 1/8 of its maximum HP (1/6 if the user is holding Binding Band), rounded down, at the end of each turn during effect. The target can still switch out if it is holding Shed Shell or uses Baton Pass, Flip Turn, Parting Shot, Shed Tail, Teleport, U-turn, or Volt Switch. The effect ends if either the user or the target leaves the field, or if the target uses Mortal Spin, Rapid Spin, or Substitute successfully. This effect is not stackable or reset by using this or another binding move."
"820","dragon-energy","드래곤에너지","dragon-energy","dragon","special","150","100","5","생명력을 파워로 바꿔서 상대를 공격한다. 자신의 HP가 적을수록 기술의 위력이 떨어진다.","Power is equal to (user's current HP * 150 / user's maximum HP), rounded down, but not less than 1."
"821","freezing-glare","얼어붙는시선","freezing-glare","psychic","special","90","100","10","두 눈에서 사이코 파워를 발사해서 공격한다. 얼음 상태로 만들 때가 있다.","Has a 10% chance to freeze the target."
"822","fiery-wrath","타오르는분노","fiery-wrath","dark","special","90","100","10","분노를 불꽃 같은 오라로 바꿔서 공격한다. 상대를 풀죽게 만들 때가 있다.","Has a 20% chance to make the target flinch."
"823","thunderous-kick","천둥차기","thunderous-kick","fighting","physical","90","100","10","번개 같은 움직임으로 상대를 농락하며 킥을 날린다. 상대의 방어를 떨어뜨린다.","Has a 100% chance to lower the target's Defense by 1 stage."
"824","glacial-lance","블리자드랜스","glacial-lance","ice","physical","120","100","5","눈보라를 두른 얼음의 창을 상대에게 던져서 공격한다.","No additional effect."
"825","astral-barrage","아스트랄비트","astral-barrage","ghost","special","120","100","5","수많은 작은 영체를 상대에게 부딪쳐서 공격한다.","No additional effect."
"826","eerie-spell","섬뜩한주문","eerie-spell","psychic","special","80","100","5","강력한 사이코 파워로 공격한다. 상대가 마지막으로 사용한 기술의 PP를 3만큼 줄인다.","If this move is successful and the user has not fainted, the target loses 3 PP from its last move."
"827","dire-claw","페이탈클로","dire-claw","poison","physical","80","100","15","상대를 공격하여 독, 마비, 졸음 상태 중 하나를 부여한다. 급소율이 높다.","Has a 50% chance to cause the target to either fall asleep, become poisoned, or become paralyzed."
"828","psyshield-bash","배리어러시","psyshield-bash","psychic","physical","70","90","10","염동력의 장막을 두르고 돌진한다. 자신의 방어와 특수방어가 오른다.","Has a 100% chance to raise the user's Defense by 1 stage."
"829","power-shift","파워시프트","power-shift","normal","status","","","10","자신의 공격과 방어, 특수공격과 특수방어 능력치를 맞바꾼다.","The user swaps its Attack and Defense stats, and stat stage changes remain on their respective stats. This move can be used again to swap the stats back. If the user uses Baton Pass, the replacement will have its Attack and Defense stats swapped if the effect is active. If the user has its stats recalculated by changing forme while its stats are swapped, this effect is ignored but is still active for the purposes of Baton Pass."
"830","stone-axe","암석액스","stone-axe","rock","physical","65","90","15","돌도끼로 상대를 베어가른다. 필드에 스텔스록(바위 조각)을 흩뿌린다.","If this move is successful, it sets up a hazard on the opposing side of the field, damaging each opposing Pokemon that switches in. Foes lose 1/32, 1/16, 1/8, 1/4, or 1/2 of their maximum HP, rounded down, based on their weakness to the Rock type; 0.25x, 0.5x, neutral, 2x, or 4x, respectively. Can be removed from the opposing side if any Pokemon uses Tidy Up, or if any opposing Pokemon uses Mortal Spin, Rapid Spin, or Defog successfully, or is hit by Defog."
"831","springtide-storm","봄의폭풍","springtide-storm","fairy","special","100","80","5","봄의 폭풍으로 상대를 공격한다. 상대의 공격을 떨어뜨릴 때가 있다.","Has a 30% chance to lower the target's Attack by 1 stage."
"832","mystical-power","신비의힘","mystical-power","psychic","special","70","90","10","신비한 힘으로 상대를 공격한다. 자신의 특수공격이 오른다.","Has a 100% chance to raise the user's Special Attack by 1 stage."
"833","raging-fury","대격분","raging-fury","fire","physical","120","100","10","격렬한 분노로 불꽃을 뿜어 공격한다. 2~3턴 동안 난동부린 뒤 혼란에 빠진다.","The user spends two or three turns locked into this move and becomes confused immediately after its move on the last turn of the effect if it is not already. This move targets an opposing Pokemon at random on each turn. If the user is prevented from moving, is asleep at the beginning of a turn, or the attack is not successful against the target on the first turn of the effect or the second turn of a three-turn effect, the effect ends without causing confusion. If this move is called by Sleep Talk and the user is asleep, the move is used for one turn and does not confuse the user."
"834","wave-crash","웨이브태클","wave-crash","water","physical","120","100","10","물결을 두르고 전력으로 돌진한다. 상대에게 준 데미지의 일부를 반동으로 받는다.","If the target lost HP, the user takes recoil damage equal to 33% the HP lost by the target, rounded half up, but not less than 1 HP."
"835","chloroblast","클로로블라스트","chloroblast","grass","special","150","95","5","체내의 엽록소 에너지를 모아 폭발시킨다. 자신의 최대 HP의 절반을 소모한다.","If this move is successful, the user loses 1/2 of its maximum HP, rounded up, unless the user has the Magic Guard or Rock Head Abilities."
"836","mountain-gale","빙산바람","mountain-gale","ice","physical","100","85","10","거대한 빙산을 일으켜 내려친다. 상대를 풀죽게 만들 때가 있다.","Has a 30% chance to make the target flinch."
"837","victory-dance","승리의춤","victory-dance","fighting","status","","","10","승리를 기원하는 춤을 춘다. 자신의 공격, 방어, 스피드가 1랭크씩 오른다.","Raises the user's Attack, Defense, and Speed by 1 stage."
"838","headlong-rush","들이받기","headlong-rush","ground","physical","120","100","5","무방비 상태로 상대를 향해 전력 돌진한다. 자신의 방어와 특수방어가 떨어진다.","Lowers the user's Defense and Special Defense by 1 stage."
"839","barb-barrage","독침천발","barb-barrage","poison","physical","60","100","10","독가시를 무수히 발사한다. 상대가 상태이상일 경우 데미지가 2배가 된다.","Has a 50% chance to poison the target. Power doubles if the target is already poisoned."
"840","esper-wing","오라윙","esper-wing","psychic","special","80","100","10","오로라 날개로 공격한다. 급소에 맞기 쉬우며 자신의 스피드가 오른다.","Has a 100% chance to raise the user's Speed by 1 stage and a higher chance for a critical hit."
"841","bitter-malice","천추지한","bitter-malice","ghost","special","75","100","10","원념의 오라로 공격한다. 상대가 상태이상일 경우 위력이 2배가 된다.","Has a 100% chance to lower the target's Attack by 1 stage."
"842","shelter","농성","shelter","steel","status","","","10","단단한 껍질 속으로 몸을 숨겨 방어와 회피율을 크게 올린다.","Raises the user's Defense by 2 stages."
"843","triple-arrows","3연화살","triple-arrows","fighting","physical","90","100","10","연속으로 세 발의 화살을 날린다. 급소율이 높고 상대의 방어를 떨어뜨리거나 풀죽인다.","Has a 50% chance to lower the target's Defense by 1 stage, a 30% chance to make it flinch, and a higher chance for a critical hit."
"844","infernal-parade","백귀야행","infernal-parade","ghost","special","60","100","15","원혼의 불꽃을 발사한다. 상대가 상태이상일 경우 위력이 2배가 된다.","Has a 30% chance to burn the target. Power doubles if the target has a non-volatile status condition."
"845","ceaseless-edge","비검천중파","ceaseless-edge","dark","physical","65","90","15","쉼 없이 도검을 휘둘러 공격한다. 필드에 압정뿌리기(스파이크)를 설치한다.","If this move is successful, it sets up a hazard on the opposing side of the field, damaging each opposing Pokemon that switches in, unless it is a Flying-type Pokemon or has the Levitate Ability. A maximum of three layers may be set, and opponents lose 1/8 of their maximum HP with one layer, 1/6 of their maximum HP with two layers, and 1/4 of their maximum HP with three layers, all rounded down. Can be removed from the opposing side if any Pokemon uses Tidy Up, or if any opposing Pokemon uses Mortal Spin, Rapid Spin, or Defog successfully, or is hit by Defog."
"846","bleakwind-storm","찬바람폭풍","bleakwind-storm","flying","special","100","80","10","혹한의 폭풍을 일으켜 공격한다. 상대의 스피드를 떨어뜨릴 때가 있다.","Has a 30% chance to lower the target's Speed by 1 stage. If the weather is Heavy Rain or Rain, this move does not check accuracy. If this move is used against a Pokemon holding Utility Umbrella, this move's accuracy remains at 80%."
"847","wildbolt-storm","번개폭풍","wildbolt-storm","electric","special","100","80","10","격렬한 번개의 폭풍을 일으켜 공격한다. 상대를 마비 상태로 만들 때가 있다.","Has a 20% chance to paralyze the target. If the weather is Heavy Rain or Rain, this move does not check accuracy. If this move is used against a Pokemon holding Utility Umbrella, this move's accuracy remains at 80%."
"848","sandsear-storm","열사의폭풍","sandsear-storm","ground","special","100","80","10","작열하는 모래 폭풍을 일으켜 공격한다. 상대를 화상 상태로 만들 때가 있다.","Has a 20% chance to burn the target. If the weather is Heavy Rain or Rain, this move does not check accuracy. If this move is used against a Pokemon holding Utility Umbrella, this move's accuracy remains at 80%."
"849","lunar-blessing","초승달의기도","lunar-blessing","psychic","status","","","5","달빛의 축복을 받아 파티 전체의 HP를 회복하고 상태이상을 모두 치료한다.","Each Pokemon on the user's side restores 1/4 of its maximum HP, rounded half up, and has its status condition cured."
"850","take-heart","브레이브차지","take-heart","psychic","status","","","10","스스로 마음을 다잡아 자신의 상태이상을 치유하고 특수공격과 특수방어를 올린다.","The user cures its non-volatile status condition. Raises the user's Special Attack and Special Defense by 1 stage."
"851","tera-blast","테라버스트","tera-blast","normal","special","80","100","10","If the user is Terastallized, this move becomes a physical attack if the user's Attack is greater than its Special Attack, including stat stage changes, and this move's type becomes the same as the user's Tera Type. In addition, if the user's Tera Type is Stellar, this move has 100 power, is super effective against Terastallized targets and neutral against other targets, and lowers the user's Attack and Special Attack by 1 stage.","If the user is Terastallized, this move becomes a physical attack if the user's Attack is greater than its Special Attack, including stat stage changes, and this move's type becomes the same as the user's Tera Type. In addition, if the user's Tera Type is Stellar, this move has 100 power, is super effective against Terastallized targets and neutral against other targets, and lowers the user's Attack and Special Attack by 1 stage."
"852","silk-trap","스레드트랩","silk-trap","bug","status","","","10","실로 만든 방패로 공격을 막아내며, 접촉한 상대의 스피드를 1랭크 떨어뜨린다.","The user is protected from most attacks made by other Pokemon during this turn, and Pokemon trying to make contact with the user have their Speed lowered by 1 stage. Non-damaging moves go through this protection. This move has a 1/X chance of being successful, where X starts at 1 and triples each time this move is successfully used. X resets to 1 if this move fails, if the user's last move used is not Baneful Bunker, Burning Bulwark, Detect, Endure, King's Shield, Max Guard, Obstruct, Protect, Quick Guard, Silk Trap, Spiky Shield, or Wide Guard, or if it was one of those moves and the user's protection was broken. Fails if the user moves last this turn."
"853","axe-kick","발꿈치찍기","axe-kick","fighting","physical","120","90","10","높이 뛰어올라 도끼차기를 날린다. 상대를 혼란에 빠뜨릴 수 있지만 실패하면 자신이 다친다.","Has a 30% chance to confuse the target. If this attack is not successful, the user loses half of its maximum HP, rounded down, as crash damage. Pokemon with the Magic Guard Ability are unaffected by crash damage."
"854","last-respects","성묘","last-respects","ghost","physical","50","100","10","쓰러진 동료들의 원혼을 모아 공격한다. 아군이 쓰러질 때마다 위력이 50씩 증가한다.","Power is equal to 50+(X*50), where X is the total number of times any Pokemon has fainted on the user's side, and X cannot be greater than 100."
"855","lumina-crash","루미나콜리전","lumina-crash","psychic","special","80","100","10","눈부신 빛으로 공격한다. 상대의 특수방어를 2랭크 떨어뜨린다.","Has a 100% chance to lower the target's Special Defense by 2 stages."
"856","order-up","한판내기","order-up","dragon","physical","80","100","10","어써러셔가 싸리용의 지휘를 받아 공격한다. 싸리용의 형태에 따라 능력치가 오른다.","If an ally Tatsugiri has activated its Commander Ability, this move raises the user's Attack by 1 stage if the Tatsugiri is Curly Form, Defense by 1 stage if Droopy Form, or Speed by 1 stage if Stretchy Form. The effect happens even if the Tatsugiri that activated the effect has since fainted."
"857","jet-punch","제트펀치","jet-punch","water","physical","60","100","15","물줄기를 두른 눈에 보이지 않는 펀치를 날린다. 반드시 선공한다.","No additional effect."
"858","spicy-extract","하바네로엑기스","spicy-extract","grass","status","","","15","매운 추출물을 발사하여 상대의 방어를 2랭크 낮추고 공격을 2랭크 올린다.","Raises the target's Attack by 2 stages and lowers its Defense by 2 stages."
"859","spin-out","휠스핀","spin-out","steel","physical","100","100","5","바퀴를 전속력으로 회전시켜 돌진한다. 자신의 스피드가 2랭크 떨어진다.","Lowers the user's Speed by 2 stages."
"860","population-bomb","찍찍베기","population-bomb","normal","physical","20","90","10","쥐 무리가 연속으로 공격한다. 1~10회 연속으로 명중한다.","Hits ten times. This move checks accuracy for each hit, and the attack ends if the target avoids a hit. If one of the hits breaks the target's substitute, it will take damage for the remaining hits. If the user has the Skill Link Ability, this move will always hit ten times. If the user is holding Loaded Dice, this move hits four to ten times at random without checking accuracy between hits."
"861","ice-spinner","아이스스피너","ice-spinner","ice","physical","80","100","15","얼음의 힘을 두르고 회전하며 필드의 필드 효과를 모두 제거한다.","Ends the effects of Electric Terrain, Grassy Terrain, Misty Terrain, and Psychic Terrain."
"862","glaive-rush","대검돌격","glaive-rush","dragon","physical","120","100","5","If this move is successful, moves targeted at the user deal double damage and do not check accuracy until the user's next turn.","If this move is successful, moves targeted at the user deal double damage and do not check accuracy until the user's next turn."
"863","revival-blessing","회생의기도","revival-blessing","normal","status","","","1","A fainted party member is selected and revived with 1/2 its max HP, rounded down. Fails if there are no fainted party members.","A fainted party member is selected and revived with 1/2 its max HP, rounded down. Fails if there are no fainted party members."
"864","salt-cure","소금절이","salt-cure","rock","physical","40","100","15","상대를 소금에 절인다. 강철/물 타입 상대는 매 턴 최대 HP의 1/4 데미지를 받는다.","Causes damage to the target equal to 1/8 of its maximum HP (1/4 if the target is Steel or Water type), rounded down, at the end of each turn during effect. This effect ends when the target is no longer active."
"865","triple-dive","트리플다이브","triple-dive","water","physical","30","95","10","물속으로 3번 연속 다이빙하여 공격한다.","Hits three times."
"866","mortal-spin","킬러스핀","mortal-spin","poison","physical","30","100","15","몸을 회전시켜 상대를 독 상태로 만들고 바인드/씨뿌리기 등을 날려버린다.","If this move is successful and the user has not fainted, the effects of Leech Seed and binding moves end for the user, and all hazards are removed from the user's side of the field. Has a 100% chance to poison the target."
"867","doodle","배껴그리기","doodle","normal","status","","100","10","상대의 특성을 흉내 내어 자신과 아군의 특성을 상대의 특성으로 바꾼다.","The user and its ally's Abilities change to match the target's Ability. Does not change Ability if the user's or its ally's is As One, Battle Bond, Comatose, Disguise, Gulp Missile, Ice Face, Multitype, Power Construct, RKS System, Schooling, Shields Down, Stance Change, Tera Shift, Zen Mode, Zero to Hero, or already matches the target. Fails if both the user and its ally's Ability already matches the target, or if the target's Ability is As One, Battle Bond, Comatose, Commander, Disguise, Embody Aspect, Flower Gift, Forecast, Hunger Switch, Ice Face, Illusion, Imposter, Multitype, Neutralizing Gas, Poison Puppeteer, Power Construct, Power of Alchemy, Protosynthesis, Quark Drive, Receiver, RKS System, Schooling, Shields Down, Stance Change, Tera Shell, Tera Shift, Teraform Zero, Trace, Wonder Guard, Zen Mode, or Zero to Hero."
"868","fillet-away","제살깎기","fillet-away","normal","status","","","10","자신의 살점을 깎아내어 공격, 특수공격, 스피드를 2랭크 올린다.","Raises the user's Attack, Special Attack, and Speed by 2 stages in exchange for the user losing 1/2 of its maximum HP, rounded down. Fails if the user would faint or if its Attack, Special Attack, and Speed stat stages would not change."
"869","kowtow-cleave","도각참","kowtow-cleave","dark","physical","85","","10","상대에게 절을 하는 척하며 기습 베기를 날린다. 필중 공격기이다.","This move does not check accuracy."
"870","flower-trick","트릭플라워","flower-trick","grass","physical","70","","10","속임수 꽃다발을 던져 공격한다. 반드시 명중하며 항상 급소에 맞는다.","This move is always a critical hit unless the target is under the effect of Lucky Chant or has the Battle Armor or Shell Armor Abilities. This move does not check accuracy."
"871","torch-song","플레어송","torch-song","fire","special","80","100","10","노래를 부르며 불꽃을 발사한다. 자신의 특수공격이 1랭크 오른다.","Has a 100% chance to raise the user's Special Attack by 1 stage."
"872","aqua-step","아쿠아스텝","aqua-step","water","physical","80","100","10","경쾌한 스텝을 밟으며 발차기를 날린다. 자신의 스피드가 1랭크 오른다.","Has a 100% chance to raise the user's Speed by 1 stage."
"873","raging-bull","레이징불","raging-bull","normal","physical","90","100","10","If this attack does not miss, the effects of Reflect, Light Screen, and Aurora Veil end for the target's side of the field before damage is calculated. If the user's current form is a Paldean Tauros, this move's type changes to match. Fighting type for Combat Breed, Fire type for Blaze Breed, and Water type for Aqua Breed.","If this attack does not miss, the effects of Reflect, Light Screen, and Aurora Veil end for the target's side of the field before damage is calculated. If the user's current form is a Paldean Tauros, this move's type changes to match. Fighting type for Combat Breed, Fire type for Blaze Breed, and Water type for Aqua Breed."
"874","make-it-rain","골드러시","make-it-rain","steel","special","120","100","5","Lowers the user's Special Attack by 1 stage.","Lowers the user's Special Attack by 1 stage."
"875","psyblade","사이코블레이드","psyblade","psychic","physical","80","100","15","사이코 에너지 검으로 베어 공격한다. 일렉트릭필드 상태에서 위력이 1.5배가 된다.","If the current terrain is Electric Terrain, this move's power is multiplied by 1.5."
"876","hydro-steam","하이드로스팀","hydro-steam","water","special","80","100","15","뜨거운 증기 광선을 발사한다. 쾌청 상태에서도 위력이 감소하지 않고 오히려 증가한다.","If the current weather is Sun and the user is not holding Utility Umbrella, this move's damage is multiplied by 1.5 instead of halved for being Water type."
"877","ruination","카타스트로피","ruination","dark","special","1","90","10","Deals damage to the target equal to half of its current HP, rounded down, but not less than 1 HP.","Deals damage to the target equal to half of its current HP, rounded down, but not less than 1 HP."
"878","collision-course","엑셀브레이크","collision-course","fighting","physical","100","100","5","Damage is multiplied by 1.3333 if this move is super effective against the target.","Damage is multiplied by 1.3333 if this move is super effective against the target."
"879","electro-drift","라이트닝드라이브","electro-drift","electric","special","100","100","5","Damage is multiplied by 1.3333 if this move is super effective against the target.","Damage is multiplied by 1.3333 if this move is super effective against the target."
"880","shed-tail","꼬리자르기","shed-tail","normal","status","","","10","The user takes 1/2 of its maximum HP, rounded up, and creates a substitute that has 1/4 of the user's maximum HP, rounded down. The user is replaced with another Pokemon in its party and the selected Pokemon has the substitute transferred to it. Fails if the user would faint, or if there are no unfainted party members.","The user takes 1/2 of its maximum HP, rounded up, and creates a substitute that has 1/4 of the user's maximum HP, rounded down. The user is replaced with another Pokemon in its party and the selected Pokemon has the substitute transferred to it. Fails if the user would faint, or if there are no unfainted party members."
"881","chilly-reception","썰렁개그","chilly-reception","ice","status","","","10","For 5 turns, the weather becomes Snow. The user switches out even if it is trapped and is replaced immediately by a selected party member. The user does not switch out if there are no unfainted party members.","For 5 turns, the weather becomes Snow. The user switches out even if it is trapped and is replaced immediately by a selected party member. The user does not switch out if there are no unfainted party members."
"882","tidy-up","정리정돈","tidy-up","normal","status","","","10","Raises the user's Attack and Speed by 1 stage. Removes substitutes from all active Pokemon and ends the effects of Spikes, Stealth Rock, Sticky Web, and Toxic Spikes for both sides.","Raises the user's Attack and Speed by 1 stage. Removes substitutes from all active Pokemon and ends the effects of Spikes, Stealth Rock, Sticky Web, and Toxic Spikes for both sides."
"883","snowscape","설경","snowscape","ice","status","","","10","For 5 turns, the weather becomes Snow. During the effect, the Defense of Ice-type Pokemon is multiplied by 1.5 when taking damage from a physical attack. Lasts for 8 turns if the user is holding Icy Rock. Fails if the current weather is Snow.","For 5 turns, the weather becomes Snow. During the effect, the Defense of Ice-type Pokemon is multiplied by 1.5 when taking damage from a physical attack. Lasts for 8 turns if the user is holding Icy Rock. Fails if the current weather is Snow."
"884","pounce","달려들기","pounce","bug","physical","50","100","20","Has a 100% chance to lower the target's Speed by 1 stage.","Has a 100% chance to lower the target's Speed by 1 stage."
"885","trailblaze","개척하기","trailblaze","grass","physical","50","100","20","Has a 100% chance to raise the user's Speed by 1 stage.","Has a 100% chance to raise the user's Speed by 1 stage."
"886","chilling-water","찬물끼얹기","chilling-water","water","special","50","100","20","Has a 100% chance to lower the target's Attack by 1 stage.","Has a 100% chance to lower the target's Attack by 1 stage."
"887","hyper-drill","하이퍼드릴","hyper-drill","normal","physical","100","100","5","끝이 뾰족한 드릴로 방어를 관통하여 공격한다. 방어/판별 상태를 뚫는다.","Bypasses protection without breaking it."
"888","twin-beam","트윈빔","twin-beam","psychic","special","40","100","10","두 눈에서 신비한 광선을 2회 연속으로 발사한다.","Hits twice. If the first hit breaks the target's substitute, it will take damage for the second hit."
"889","rage-fist","분노의주먹","rage-fist","ghost","physical","50","100","10","맞을 때마다 분노가 축적된다. 피격 횟수당 위력이 50씩 영구 증가한다.","Power is equal to 50+(X*50), where X is the total number of times the user has been hit by a damaging attack during the battle, even if the user did not lose HP from the attack. X cannot be greater than 6 and does not reset upon switching out or fainting. Each hit of a multi-hit attack is counted, but confusion damage is not counted."
"890","armor-cannon","아머캐논","armor-cannon","fire","special","120","100","5","갑옷의 일부를 탄환으로 발사한다. 자신의 방어와 특수방어가 떨어진다.","Lowers the user's Defense and Special Defense by 1 stage."
"891","bitter-blade","원념의칼","bitter-blade","fire","physical","90","100","10","검으로 상대의 생명력을 흡수한다. 가한 데미지의 절반만큼 HP를 회복한다.","The user recovers 1/2 the HP lost by the target, rounded half up. If Big Root is held by the user, the HP recovered is 1.3x normal, rounded half down."
"892","double-shock","전광쌍격","double-shock","electric","physical","120","100","5","자신의 모든 전기를 방출하여 공격한다. 사용 후 자신의 전기 타입이 사라진다.","Fails unless the user is an Electric type. If this move is successful and the user is not Terastallized, the user's Electric type becomes typeless as long as it remains active."
"893","gigaton-hammer","거대해머","gigaton-hammer","steel","physical","160","100","5","거대한 철퇴로 강타한다. 2회 연속으로 사용할 수 없다.","Cannot be selected the turn after it's used."
"894","comeuppance","앙갚음","comeuppance","dark","physical","1","100","10","Deals damage to the last opposing Pokemon to hit the user with a physical or special attack this turn equal to 1.5 times the HP lost by the user from that attack, rounded down. If the user did not lose HP from that attack, this move deals 1 HP of damage instead. If that opposing Pokemon's position is no longer in use and there is another opposing Pokemon on the field, the damage is done to it instead. Only the last hit of a multi-hit attack is counted. Fails if the user was not hit by an opposing Pokemon's physical or special attack this turn.","Deals damage to the last opposing Pokemon to hit the user with a physical or special attack this turn equal to 1.5 times the HP lost by the user from that attack, rounded down. If the user did not lose HP from that attack, this move deals 1 HP of damage instead. If that opposing Pokemon's position is no longer in use and there is another opposing Pokemon on the field, the damage is done to it instead. Only the last hit of a multi-hit attack is counted. Fails if the user was not hit by an opposing Pokemon's physical or special attack this turn."
"895","aqua-cutter","아쿠아커터","aqua-cutter","water","physical","70","100","20","Has a higher chance for a critical hit.","Has a higher chance for a critical hit."
"896","blazing-torque","번액셀","blazing-torque","fire","physical","80","100","10","Has a 30% chance to burn the target.","Has a 30% chance to burn the target."
"897","wicked-torque","다크액셀","wicked-torque","dark","physical","80","100","10","Has a 10% chance to cause the target to fall asleep.","Has a 10% chance to cause the target to fall asleep."
"898","noxious-torque","포이즌액셀","noxious-torque","poison","physical","100","100","10","Has a 30% chance to poison the target.","Has a 30% chance to poison the target."
"899","combat-torque","파이트액셀","combat-torque","fighting","physical","100","100","10","Has a 30% chance to paralyze the target.","Has a 30% chance to paralyze the target."
"900","magical-torque","매지컬액셀","magical-torque","fairy","physical","100","100","10","Has a 30% chance to confuse the target.","Has a 30% chance to confuse the target."
"901","blood-moon","블러드문","blood-moon","normal","special","140","100","5","붉은 달의 힘을 해방하여 공격한다. 2회 연속으로 사용할 수 없다.","Cannot be selected the turn after it's used."
"902","matcha-gotcha","휘적휘적포","matcha-gotcha","grass","special","80","90","15","따뜻한 말차를 뿜어 공격한다. 데미지의 절반을 회복하며 화상을 입힐 때가 있다.","Has a 20% chance to burn the target. The user recovers 1/2 the HP lost by the target, rounded half up. If Big Root is held by the user, the HP recovered is 1.3x normal, rounded half down. The target thaws out if it is frozen."
"903","syrup-bomb","시럽봄","syrup-bomb","grass","special","60","85","10","끈적이는 시럽을 던져 공격한다. 3턴 동안 상대의 스피드를 매 턴 1랭크씩 낮춘다.","If this move is successful, it causes the target's Speed to be lowered by 1 stage at the end of each turn for 3 turns."
"904","ivy-cudgel","덩굴방망이","ivy-cudgel","grass","physical","100","100","10","덩굴 방망이로 내리친다. 착용한 가면의 형태에 따라 타입이 바뀐다.","Has a higher chance for a critical hit. If the user is an Ogerpon, this move's type changes depending on its form. Water type for Wellspring Mask, Fire type for Hearthflame Mask, and Rock type for Cornerstone Mask."
"905","electro-shot","일렉트로빔","electro-shot","electric","special","130","100","10","전기를 모아 특수공격을 1랭크 올린 뒤 다음 턴에 번개를 발사한다. 비가 오면 즉시 발사된다.","This attack charges on the first turn and executes on the second. Raises the user's Special Attack by 1 stage on the first turn. If the user is holding a Power Herb or the weather is Heavy Rain or Rain, the move completes in one turn. If the user is holding Utility Umbrella and the weather is Heavy Rain or Rain, the move still requires a turn to charge."
"906","tera-starstorm","테라클러스터","tera-starstorm","normal","special","120","100","5","테라스탈 에너지의 유성을 쏟아붓는다. 스텔라 형태에서는 전체 공격기가 된다.","If the user is a Terapagos in Stellar Form, this move's type becomes Stellar, hits all opposing Pokemon, and becomes a physical attack if the user's Attack is greater than its Special Attack, including stat stage changes."
"907","fickle-beam","변덕레이저","fickle-beam","dragon","special","80","100","5","변덕스러운 빔을 발사한다. 때때로 모든 머리가 힘을 합쳐 위력이 2배가 된다.","Has a 30% chance this move's power is doubled."
"908","burning-bulwark","화염의수호","burning-bulwark","fire","status","","","10","불꽃의 방패로 공격을 막아낸다. 접촉한 상대에게 화상을 입힌다.","The user is protected from most attacks made by other Pokemon during this turn, and Pokemon trying to make contact with the user become burned. Non-damaging moves go through this protection. This move has a 1/X chance of being successful, where X starts at 1 and triples each time this move is successfully used. X resets to 1 if this move fails, if the user's last move used is not Baneful Bunker, Burning Bulwark, Detect, Endure, King's Shield, Max Guard, Obstruct, Protect, Quick Guard, Silk Trap, Spiky Shield, or Wide Guard, or if it was one of those moves and the user's protection was broken. Fails if the user moves last this turn."
"909","thunderclap","질풍신뢰","thunderclap","electric","special","70","100","5","상대가 공격 기술을 쓰려고 할 때 먼저 벼락을 내려친다.","Fails if the target did not select a physical attack, special attack, or Me First for use this turn, or if the target moves before the user."
"910","mighty-cleave","파워풀에지","mighty-cleave","rock","physical","95","100","5","거대한 바위 검으로 방어를 관통하여 공격한다.","Bypasses protection without breaking it."
"911","tachyon-cutter","타키온커터","tachyon-cutter","steel","special","50","","10","입자 칼날을 2회 연속으로 발사한다. 반드시 명중한다.","Hits twice. If the first hit breaks the target's substitute, it will take damage for the second hit. This move does not check accuracy."
"912","hard-press","하드프레스","hard-press","steel","physical","","100","10","상대를 강하게 짓누른다. 상대의 남은 HP가 많을수록 위력이 올라간다.","Power is equal to 100 * (target's current HP / target's maximum HP), rounded half down, but not less than 1."
"913","dragon-cheer","드래곤옐","dragon-cheer","dragon","status","","","15","포효하여 아군의 사기를 북돋운다. 아군의 급소율을 올린다.","Raises the target's chance for a critical hit by 1 stage, or by 2 stages if the target is Dragon type. Fails if there is no ally adjacent to the user, or if the target already has this effect or the Focus Energy effect. Baton Pass can be used to transfer this effect to an ally."
"914","alluring-voice","매혹의보이스","alluring-voice","fairy","special","80","100","10","매혹적인 목소리로 공격한다. 랭크가 상승한 상대를 혼란 상태로 만든다.","Has a 100% chance to confuse the target if it had a stat stage raised this turn."
"915","temper-flare","열불내기","temper-flare","fire","physical","75","100","10","분노의 불꽃을 발사한다. 직전 기술이 빗나갔다면 위력이 2배가 된다.","Power doubles if the user's last move on the previous turn, including moves called by other moves or those used through Instruct, Magic Coat, Snatch, or the Dancer or Magic Bounce Abilities, failed to do any of its normal effects, not including damage from an unsuccessful High Jump Kick, Jump Kick, or Mind Blown, or if the user was prevented from moving by any effect other than recharging or Sky Drop. A move that was blocked by Baneful Bunker, Detect, King's Shield, Protect, Spiky Shield, Crafty Shield, Mat Block, Quick Guard, or Wide Guard will not double this move's power, nor will Bounce or Fly ending early due to the effect of Gravity, Smack Down, or Thousand Arrows."
"916","supercell-slam","썬더다이브","supercell-slam","electric","physical","100","95","15","전신에 전기를 두르고 돌진한다. 빗나가면 자신이 큰 데미지를 입는다.","If this attack is not successful, the user loses half of its maximum HP, rounded down, as crash damage. Pokemon with the Magic Guard Ability are unaffected by crash damage. Damage doubles and no accuracy check is done if the target has used Minimize while active."
"917","psychic-noise","사이코노이즈","psychic-noise","psychic","special","75","100","10","불쾌한 음파로 공격한다. 공격받은 상대는 2턴 동안 회복을 할 수 없다.","For 2 turns, the target is prevented from restoring any HP as long as it remains active. During the effect, healing and draining moves are unusable, and Abilities and items that grant healing will not heal the user. If an affected Pokemon uses Baton Pass, the replacement will remain unable to restore its HP. Pain Split and the Regenerator Ability are unaffected."
"918","upper-hand","기선제압","upper-hand","fighting","physical","65","100","15","상대의 선공기를 예측하여 기습한다. 상대를 풀죽게 만든다.","Has a 100% chance to make the target flinch. Fails if the target did not select a physical or special attack for use this turn with altered priority greater than 0, or if the target moves before the user."
"919","malignant-chain","악독사슬","malignant-chain","poison","special","100","100","5","맹독의 사슬로 상대를 묶는다. 맹독과 혼란 상태를 동시에 부여할 수 있다.","Has a 50% chance to badly poison the target."